transaction_id,investor_id,amfi_code,transaction_date,transaction_type,amount,units,state,kyc_status
1,10008,100004,2025-02-03,REDEMPTION,88755.24,52.711,DL,Pending
2,10012,100019,2025-01-22,LUMPSUM,45205.02,145.902,WB,Verified
3,10077,100023,2025-02-17,SIP,1722.91,196.82,KA,N
4,10020,100010,2025-01-25,SIP,8809.45,114.236,MH,Y
5,10117,100023,2025-01-01,LUMPSUM,31863.08,19.842,TN,Y
6,10185,100020,2025-03-30,LUMPSUM,44273.0,160.616,KA,Verified
7,10058,100031,2025-02-13,REDEMPTION,58315.2,100.776,TN,Verified
8,10184,100037,2025-02-02,LUMPSUM,54736.54,327.115,TS,Failed
9,10112,100009,2025-02-27,REDEMPTION,59059.62,314.522,TS,Failed
10,10063,100001,2025-02-01,SIP,43071.51,57.62,KA,N
11,10161,100031,2025-01-31,LUMPSUM,41638.56,307.04,TS,Failed
12,10134,100002,2025-03-15,REDEMPTION,49178.99,129.183,DL,N
13,10160,100012,2025-01-22,REDEMPTION,52895.6,242.846,KA,N
14,10017,100033,2025-02-03,SIP,21488.92,305.351,DL,Pending
15,10167,100009,2025-08-01,REDEMPTION,81701.92,295.783,KA,Verified
16,10043,100003,2025-03-18,LUMPSUM,21714.79,6.688,GJ,Failed
17,10044,100003,2025-12-03,LUMPSUM,59859.24,22.713,MH,Failed
18,10040,100030,2025-02-13,LUMPSUM,98102.15,452.59,DL,N
19,10182,100009,2025-06-02,LUMPSUM,47779.06,430.195,TN,Verified
20,10143,100012,2025-01-02,REDEMPTION,13373.91,334.549,WB,Y
21,10153,100008,2025-02-16,LUMPSUM,77339.46,265.896,TS,N
22,10116,100029,2025-08-02,LUMPSUM,81373.01,338.549,TN,N
23,10048,100016,2025-02-21,LUMPSUM,23708.05,351.168,WB,N
24,10080,100004,2025-09-03,SIP,18741.8,264.745,GJ,Verified
25,10146,100016,2025-03-25,REDEMPTION,61228.76,88.951,KA,Failed
26,10078,100016,2025-06-02,LUMPSUM,50596.27,25.695,KA,Verified
27,,100000,2025-02-01,LUMPSUM,73439.32,452.551,DL,Y
28,10153,100026,2025-03-30,LUMPSUM,74273.2,122.845,MH,N
29,10053,100002,2025-04-03,LUMPSUM,23113.91,11.892,MH,Failed
30,10156,100039,2025-03-25,LUMPSUM,44759.38,96.976,KA,Pending
31,10065,100003,2025-02-02,LUMPSUM,59173.98,125.302,WB,Failed
32,10022,100011,2025-09-02,REDEMPTION,22038.62,179.971,KA,N
33,10102,100012,2025-06-03,SIP,40060.69,218.45,DL,Y
34,10122,100016,2025-03-19,REDEMPTION,41851.84,265.646,TN,Pending
35,10170,100006,2025-12-01,REDEMPTION,72326.23,443.125,GJ,N
36,10172,100019,2025-03-18,REDEMPTION,17685.47,310.859,GJ,N
37,10036,100010,2025-05-03,SIP,92919.04,68.129,TS,Verified
38,,100003,2025-03-22,REDEMPTION,9018.61,330.191,TN,N
39,10106,100004,2025-08-02,REDEMPTION,10546.53,401.966,TS,Y
40,10111,100012,2025-03-22,REDEMPTION,61435.98,383.502,GJ,Failed
41,10010,100029,2025-01-20,LUMPSUM,55346.2,461.163,KA,Pending
42,10144,100023,2025-01-21,REDEMPTION,95676.65,425.76,DL,Verified
43,10050,100006,2025-03-24,REDEMPTION,58491.0,109.709,TN,Pending
44,10033,100039,2025-03-03,SIP,43556.58,211.837,KA,Verified
45,10183,100014,2025-03-27,SIP,86031.41,30.431,MH,Pending
46,10088,100031,2025-09-03,LUMPSUM,41334.96,87.624,DL,Pending
47,10095,100013,2025-03-15,REDEMPTION,44222.41,394.664,TS,N
48,10055,100001,2025-02-16,SIP,64681.61,159.807,KA,Verified
49,10131,100036,2025-03-03,LUMPSUM,36664.26,431.258,TS,Verified
50,10095,100030,2025-03-03,REDEMPTION,83359.0,71.336,KA,Pending
51,10144,100030,2025-03-02,LUMPSUM,44337.09,183.865,WB,Verified
52,10108,100006,2025-01-27,REDEMPTION,23240.68,58.604,GJ,Pending
53,10075,100030,2025-01-31,LUMPSUM,5360.94,372.816,TN,Pending
54,10078,100039,2025-03-15,SIP,3039.54,243.984,TN,Y
55,10164,100012,2025-11-01,LUMPSUM,49839.72,13.783,DL,Pending
56,10089,100020,2025-04-01,LUMPSUM,90206.0,124.753,MH,Y
57,10033,100003,2025-02-28,LUMPSUM,39763.95,346.865,GJ,Failed
58,10178,100025,2025-07-01,LUMPSUM,85320.8,50.825,DL,Y
59,10021,100009,2025-01-21,LUMPSUM,50141.93,183.955,KA,Pending
60,10198,100022,2025-03-24,REDEMPTION,32828.23,242.362,TS,N
61,10099,100010,2025-01-26,LUMPSUM,22993.99,303.493,DL,Failed
62,10081,100026,2025-03-18,LUMPSUM,54740.99,52.026,TS,Failed
63,10055,100034,2025-06-03,SIP,93342.39,48.753,WB,Verified
64,10076,100027,2025-02-03,REDEMPTION,52458.26,310.81,TS,Failed
65,10188,100008,2025-03-03,LUMPSUM,52441.98,305.44,TS,N
66,10070,100037,2025-01-24,REDEMPTION,53995.97,248.443,MH,Verified
67,10152,100005,2025-06-02,REDEMPTION,59074.41,94.216,TS,N
68,10188,100009,2025-01-03,REDEMPTION,58290.87,104.065,TN,Y
69,10158,100034,2025-01-30,SIP,32392.25,338.685,KA,Verified
70,10010,100013,2025-06-02,SIP,1074.97,379.509,KA,Verified
71,10027,100003,2025-06-03,REDEMPTION,26882.89,170.067,TN,Y
72,10010,100010,2025-03-13,REDEMPTION,20286.32,305.169,KA,Pending
73,10034,100013,2025-03-21,LUMPSUM,25225.97,281.867,MH,N
74,10021,100036,2025-01-24,REDEMPTION,11505.54,200.813,TN,N
75,10197,100009,2025-02-28,LUMPSUM,78832.64,449.42,KA,N
76,10034,100017,2025-01-01,LUMPSUM,36713.93,267.212,TN,Y
77,10060,100025,2025-05-03,SIP,60143.89,250.101,MH,Verified
78,10118,100035,2025-02-24,SIP,41310.68,417.717,TN,N
79,10149,100023,2025-03-23,REDEMPTION,22053.23,78.831,MH,N
80,10097,100008,2025-02-19,REDEMPTION,24876.65,282.572,WB,Pending
81,10122,100002,2025-04-01,LUMPSUM,23424.49,341.704,TS,Verified
82,10192,100006,2025-10-01,LUMPSUM,35703.66,263.951,WB,Pending
83,10012,100018,2025-03-16,SIP,22522.16,433.767,GJ,Verified
84,10016,100011,2025-06-02,SIP,1899.97,335.807,TN,Y
85,10049,100027,2025-02-16,LUMPSUM,44469.9,321.832,GJ,Failed
86,10078,100011,2025-07-02,REDEMPTION,41543.16,156.427,GJ,Y
87,10146,100024,2025-03-01,LUMPSUM,70052.33,327.701,DL,Verified
88,10007,100011,2025-01-14,REDEMPTION,34135.24,92.154,WB,Pending
89,10097,100037,2025-03-24,REDEMPTION,25312.74,105.579,TS,Pending
90,10026,100036,2025-02-28,SIP,27526.42,127.661,GJ,Verified
91,10085,100031,2025-01-01,LUMPSUM,24066.91,495.237,GJ,N
92,,100020,2025-03-26,LUMPSUM,91993.12,130.253,KA,N
93,10034,100018,2025-01-20,REDEMPTION,63940.04,405.939,WB,Pending
94,,100020,2025-01-14,LUMPSUM,66492.89,174.225,KA,Y
95,10181,100014,2025-11-01,LUMPSUM,21628.51,265.048,DL,Y
96,,100007,2025-04-02,REDEMPTION,37291.47,12.896,KA,Pending
97,10141,100023,2025-12-02,LUMPSUM,72815.97,324.343,KA,Failed
98,10004,100034,2025-01-01,REDEMPTION,22987.18,111.025,TS,Verified
99,10126,100013,2025-05-03,LUMPSUM,38835.02,333.34,TN,Verified
100,10029,100006,2025-04-02,SIP,35681.34,105.563,KA,N
101,10085,100029,2025-02-02,SIP,34698.05,264.821,MH,N
102,10159,100005,2025-12-01,REDEMPTION,85367.74,359.867,TN,Failed
103,10007,100027,2025-01-17,SIP,63808.81,129.583,DL,Y
104,10013,100025,2025-02-01,SIP,22016.12,145.897,MH,Y
105,10169,100013,2025-01-21,SIP,39284.96,153.234,GJ,N
106,10170,100018,2025-11-01,LUMPSUM,8157.4,376.985,MH,Pending
107,10090,100020,2025-01-26,LUMPSUM,65664.37,27.028,DL,Y
108,10066,100036,2025-01-24,LUMPSUM,81782.39,390.875,WB,Pending
109,10112,100018,2025-07-02,LUMPSUM,94026.05,464.879,DL,Y
110,10105,100019,2025-11-02,SIP,31846.61,357.377,KA,Failed
111,10078,100025,2025-01-24,LUMPSUM,35970.49,129.976,MH,Verified
112,10037,100002,2025-09-02,LUMPSUM,85718.52,338.569,MH,Pending
113,10139,100036,2025-02-17,REDEMPTION,45027.84,63.374,WB,Verified
114,10040,100014,2025-01-25,REDEMPTION,98910.3,434.981,TN,N
115,10035,100026,2025-07-03,LUMPSUM,825.26,462.554,KA,Pending
116,10085,100001,2025-02-23,REDEMPTION,41437.87,303.41,DL,Pending
117,10063,100037,2025-03-15,SIP,99639.7,302.393,TN,Verified
118,10062,100004,2025-05-01,LUMPSUM,47046.38,84.649,DL,Failed
119,10045,100023,2025-01-02,SIP,52575.45,296.987,KA,Verified
120,10196,100037,2025-02-24,SIP,51362.62,242.943,TN,Pending
121,10075,100009,2025-01-26,REDEMPTION,83281.6,187.297,MH,Failed
122,10111,100019,2025-01-02,LUMPSUM,97760.73,157.317,KA,Verified
123,10121,100012,2025-04-02,SIP,91347.49,24.966,DL,Y
124,10183,100025,2025-03-19,REDEMPTION,94472.55,241.04,KA,N
125,10162,100010,2025-03-22,LUMPSUM,44653.38,238.166,KA,Failed
126,10177,100025,2025-06-01,LUMPSUM,10643.81,287.929,MH,Verified
127,,100032,2025-09-02,LUMPSUM,82932.24,92.922,KA,N
128,10081,100013,2025-03-24,LUMPSUM,58225.04,382.814,KA,Y
129,10152,100035,2025-04-03,LUMPSUM,92514.51,224.888,MH,Pending
130,10173,100016,2025-07-02,SIP,95543.55,245.017,WB,Pending
131,10010,100023,2025-11-03,LUMPSUM,22234.31,435.427,WB,Y
132,10069,100019,2025-01-31,SIP,7447.81,231.698,TN,Failed
133,10115,100033,2025-01-28,REDEMPTION,94339.96,234.434,TS,Failed
134,10074,100017,2025-02-25,REDEMPTION,1392.37,366.339,TS,N
135,10090,100036,2025-11-03,LUMPSUM,518.65,142.164,TN,Failed
136,10034,100030,2025-03-26,SIP,72394.07,340.191,MH,Failed
137,10007,100024,2025-03-16,SIP,39749.67,424.564,DL,Y
138,,100022,2025-02-27,SIP,1899.68,445.416,DL,N
139,10008,100027,2025-02-23,REDEMPTION,1244.51,262.929,KA,Pending
140,10114,100004,2025-12-01,SIP,41673.37,383.109,KA,Pending
141,10149,100009,2025-02-14,LUMPSUM,38978.02,130.975,WB,N
142,10117,100007,2025-09-03,REDEMPTION,4703.15,139.732,KA,N
143,10135,100000,2025-03-21,REDEMPTION,4492.49,338.462,TS,Y
144,10050,100038,2025-02-03,REDEMPTION,26308.36,108.72,KA,Y
145,10101,100031,2025-03-25,REDEMPTION,84044.35,292.726,MH,Y
146,10199,100004,2025-01-19,REDEMPTION,92694.59,112.622,TN,Verified
147,10075,100022,2025-05-03,REDEMPTION,49300.99,182.603,KA,Pending
148,10193,100007,2025-03-20,LUMPSUM,16688.4,282.269,DL,Verified
149,10010,100005,2025-11-02,REDEMPTION,47438.92,326.035,KA,Y
150,10150,100039,2025-01-13,REDEMPTION,48651.58,377.497,TS,Failed
151,10154,100036,2025-02-15,REDEMPTION,75433.95,324.712,TN,Verified
152,10039,100019,2025-05-01,REDEMPTION,43129.74,302.058,TS,Y
153,10142,100012,2025-06-03,REDEMPTION,39343.11,488.068,TN,Verified
154,10005,100017,2025-01-01,REDEMPTION,43694.47,275.24,MH,Pending
155,10198,100007,2025-03-29,LUMPSUM,50382.58,171.442,KA,Failed
156,10157,100023,2025-01-14,LUMPSUM,5372.61,476.489,KA,N
157,10126,100011,2025-02-02,REDEMPTION,13162.06,462.112,KA,Pending
158,10001,100031,2025-01-18,LUMPSUM,9548.89,15.54,WB,Verified
159,10050,100026,2025-12-03,LUMPSUM,42935.91,274.105,GJ,Y
160,10076,100039,2025-02-20,REDEMPTION,98064.79,25.129,MH,Failed
161,10049,100034,2025-07-01,SIP,66960.62,177.958,TN,Failed
162,10181,100008,2025-03-29,REDEMPTION,60028.61,1.103,GJ,Verified
163,10085,100027,2025-10-02,REDEMPTION,75326.04,366.1,MH,Failed
164,10177,100024,2025-07-03,SIP,13925.94,390.307,KA,N
165,10052,100030,2025-02-15,SIP,80913.55,232.307,DL,Verified
166,10181,100031,2025-03-14,REDEMPTION,82010.94,263.58,WB,Pending
167,10169,100013,2025-03-15,REDEMPTION,22426.38,393.799,DL,Verified
168,10120,100001,2025-03-22,LUMPSUM,30070.54,311.872,MH,Failed
169,10140,100036,2025-10-03,SIP,94468.38,354.687,TN,N
170,10163,100003,2025-03-14,REDEMPTION,62525.2,396.558,KA,Y
171,10024,100032,2025-01-16,SIP,17454.06,360.301,TN,N
172,10119,100029,2025-01-28,LUMPSUM,6957.45,105.263,TN,Failed
173,10082,100003,2025-01-20,REDEMPTION,6595.58,43.383,WB,Failed
174,10053,100020,2025-02-18,REDEMPTION,35076.13,398.203,TN,Y
175,10179,100021,2025-01-23,REDEMPTION,13487.67,328.812,TN,Pending
176,10194,100008,2025-01-25,REDEMPTION,65410.14,276.069,KA,Verified
177,10002,100034,2025-03-21,SIP,31523.11,48.591,GJ,Failed
178,10048,100038,2025-01-29,SIP,52279.24,6.074,TN,Verified
179,10084,100032,2025-07-01,REDEMPTION,94319.89,75.327,KA,Pending
180,10067,100031,2025-07-01,SIP,14561.02,281.515,TN,N
181,10130,100027,2025-03-14,SIP,8373.76,475.61,TS,Y
182,10020,100010,2025-03-22,LUMPSUM,51865.51,266.075,KA,Failed
183,10053,100029,2025-12-03,REDEMPTION,25731.05,483.462,KA,Y
184,10190,100001,2025-09-03,LUMPSUM,31438.44,76.289,GJ,Verified
185,10087,100037,2025-01-16,SIP,76261.21,228.536,KA,Failed
186,10146,100009,2025-06-02,LUMPSUM,57549.77,482.486,TS,Verified
187,10106,100027,2025-08-02,LUMPSUM,24035.74,490.214,DL,Verified
188,10055,100037,2025-10-03,SIP,72333.6,301.306,TN,N
189,10036,100010,2025-01-26,LUMPSUM,68314.16,214.934,DL,Failed
190,10155,100022,2025-04-01,SIP,2155.33,357.588,GJ,Pending
191,10178,100039,2025-03-24,REDEMPTION,16365.63,0.622,MH,N
192,10179,100039,2025-03-20,SIP,446.33,162.446,KA,Failed
193,10091,100038,2025-07-01,LUMPSUM,96010.6,215.37,DL,Y
194,10153,100020,2025-05-02,LUMPSUM,83510.26,67.228,KA,Y
195,10149,100030,2025-03-31,LUMPSUM,10295.57,280.405,WB,Pending
196,10150,100034,2025-03-02,LUMPSUM,90351.71,76.564,KA,Verified
197,10137,100027,2025-12-02,REDEMPTION,61253.77,454.907,TN,Failed
198,10118,100008,2025-12-02,REDEMPTION,13200.07,150.465,KA,Failed
199,10131,100016,2025-09-03,REDEMPTION,64191.26,423.32,MH,Pending
200,10132,100025,2025-03-18,LUMPSUM,5556.28,383.049,MH,N
201,10105,100034,2025-02-13,LUMPSUM,92599.16,386.303,MH,N
202,10057,100033,2025-01-13,REDEMPTION,94114.23,233.502,GJ,Pending
203,10103,100033,2025-10-01,REDEMPTION,46982.12,262.685,DL,Pending
204,10011,100035,2025-01-02,LUMPSUM,62455.68,475.738,TN,Verified
205,10054,100035,2025-04-01,REDEMPTION,43128.82,358.781,KA,Failed
206,10070,100015,2025-05-01,REDEMPTION,84587.51,119.996,TS,Y
207,,100005,2025-01-14,SIP,76923.66,99.105,TS,N
208,10083,100027,2025-09-03,LUMPSUM,23129.66,390.402,KA,Failed
209,10176,100031,2025-03-14,SIP,40447.78,3.615,TS,Failed
210,10004,100003,2025-02-17,LUMPSUM,76666.61,303.329,KA,Pending
211,10120,100019,2025-01-01,LUMPSUM,3771.34,243.514,MH,Failed
212,10135,100026,2025-01-20,SIP,20454.26,362.907,MH,Failed
213,10188,100012,2025-02-03,REDEMPTION,42422.92,468.449,TN,N
214,10078,100003,2025-01-15,SIP,15945.61,487.504,TN,Verified
215,10192,100035,2025-03-15,SIP,50914.68,45.659,WB,Pending
216,10150,100033,2025-03-03,SIP,84399.31,268.381,KA,Pending
217,10051,100033,2025-01-30,SIP,45333.62,487.619,KA,Y
218,10029,100034,2025-08-03,LUMPSUM,9354.63,237.85,TN,N
219,10123,100000,2025-03-20,REDEMPTION,36815.51,156.239,WB,Failed
220,10138,100038,2025-01-15,SIP,50325.43,241.886,WB,Pending
221,10141,100015,2025-07-02,REDEMPTION,82350.77,226.858,DL,Y
222,10041,100013,2025-10-02,LUMPSUM,66122.21,134.076,WB,N
223,10047,100014,2025-02-16,LUMPSUM,75274.45,152.246,KA,Pending
224,10071,100009,2025-01-03,SIP,11159.61,129.616,TS,Failed
225,10050,100027,2025-01-20,LUMPSUM,27166.27,291.028,MH,Verified
226,10096,100015,2025-01-23,REDEMPTION,15045.65,193.09,WB,Pending
227,10173,100024,2025-12-03,LUMPSUM,5491.99,374.384,TS,N
228,10168,100034,2025-02-18,SIP,53312.22,20.107,TN,N
229,10193,100016,2025-01-26,LUMPSUM,98483.42,314.384,KA,N
230,10127,100009,2025-02-28,LUMPSUM,85589.1,277.851,KA,Verified
231,10137,100026,2025-01-30,LUMPSUM,40905.88,472.423,KA,Y
232,10065,100027,2025-01-21,LUMPSUM,26256.41,382.985,TS,N
233,10019,100008,2025-02-03,REDEMPTION,74678.8,494.057,KA,N
234,,100007,2025-03-25,LUMPSUM,36017.01,315.037,WB,Y
235,10121,100024,2025-03-25,REDEMPTION,11872.67,220.822,WB,N
236,10022,100030,2025-03-23,SIP,39021.9,134.565,KA,N
237,10064,100000,2025-01-18,LUMPSUM,2869.08,174.204,MH,Failed
238,10104,100022,2025-02-19,SIP,20141.63,247.333,WB,Verified
239,10158,100004,2025-09-01,LUMPSUM,48754.93,349.397,GJ,Y
240,10049,100004,2025-02-13,LUMPSUM,56528.42,300.447,KA,Verified
241,10082,100017,2025-03-17,REDEMPTION,24454.16,281.472,WB,Failed
242,10114,100016,2025-11-02,SIP,69796.2,497.861,GJ,N
243,10069,100029,2025-02-17,REDEMPTION,3291.32,374.587,TN,Failed
244,10090,100019,2025-05-03,LUMPSUM,47587.07,426.405,KA,N
245,10110,100011,2025-02-24,REDEMPTION,39547.57,108.365,GJ,Pending
246,10177,100009,2025-03-29,SIP,74006.54,18.178,TS,Pending
247,10113,100019,2025-02-02,REDEMPTION,22073.15,33.404,DL,N
248,10128,100005,2025-05-03,REDEMPTION,56520.46,216.614,GJ,N
249,10196,100002,2025-03-21,LUMPSUM,43968.34,327.233,MH,N
250,10086,100010,2025-03-13,REDEMPTION,26420.96,196.149,TS,N
251,,100010,2025-03-13,REDEMPTION,70153.17,197.984,DL,Y
252,10081,100009,2025-01-27,REDEMPTION,57911.53,229.95,KA,Y
253,,100038,2025-01-13,LUMPSUM,3354.44,154.751,GJ,Y
254,10052,100033,2025-02-02,LUMPSUM,23458.35,113.299,DL,N
255,10011,100014,2025-03-13,REDEMPTION,64537.51,274.442,KA,Pending
256,10036,100038,2025-12-03,SIP,37160.58,144.121,TN,Pending
257,10183,100015,2025-03-21,LUMPSUM,8044.13,258.002,GJ,Y
258,10062,100032,2025-02-28,SIP,64638.85,416.504,KA,Pending
259,10122,100025,2025-01-26,SIP,17069.0,151.969,TS,N
260,10199,100022,2025-01-28,REDEMPTION,22793.58,45.81,MH,Verified
261,,100036,2025-03-26,REDEMPTION,44255.77,461.155,KA,N
262,10126,100004,2025-02-01,LUMPSUM,54257.94,372.357,KA,Failed
263,10033,100032,2025-08-03,REDEMPTION,56696.17,163.02,TN,N
264,10064,100016,2025-01-29,LUMPSUM,60770.84,398.809,MH,Y
265,10165,100022,2025-01-17,SIP,45761.36,267.077,KA,Pending
266,10037,100015,2025-01-23,LUMPSUM,47244.49,194.729,WB,Verified
267,10107,100025,2025-01-15,LUMPSUM,65026.84,108.575,TN,N
268,10049,100014,2025-01-31,LUMPSUM,94111.81,163.736,TN,Verified
269,10034,100026,2025-03-19,LUMPSUM,38060.7,123.657,KA,Pending
270,10124,100034,2025-03-29,REDEMPTION,93703.36,163.479,DL,Verified
271,10173,100030,2025-02-18,SIP,21837.21,226.472,KA,Verified
272,10057,100023,2025-01-21,SIP,90745.16,141.941,GJ,Verified
273,10147,100028,2025-10-03,LUMPSUM,49350.95,431.216,GJ,Verified
274,10011,100027,2025-05-03,REDEMPTION,27535.55,125.639,KA,Verified
275,10138,100023,2025-01-28,REDEMPTION,12340.14,166.156,TN,N
276,10077,100029,2025-05-01,LUMPSUM,94001.22,28.477,KA,Y
277,10100,100038,2025-01-13,REDEMPTION,44433.77,91.626,KA,Failed
278,10130,100004,2025-03-29,SIP,32386.3,363.53,TN,Verified
279,10088,100039,2025-01-19,SIP,69937.95,167.308,TS,N
280,10168,100034,2025-03-22,SIP,31139.83,183.673,KA,Pending
281,10157,100028,2025-09-01,REDEMPTION,61166.22,424.255,KA,N
282,10171,100011,2025-02-21,REDEMPTION,36228.13,492.432,KA,Verified
283,10123,100030,2025-03-18,SIP,23065.81,83.777,WB,Failed
284,,100036,2025-01-01,LUMPSUM,51021.3,0.178,WB,Y
285,10065,100005,2025-01-24,SIP,20690.2,141.617,KA,Failed
286,10071,100016,2025-11-01,REDEMPTION,98060.9,444.294,KA,N
287,,100008,2025-03-17,REDEMPTION,21462.59,477.613,DL,Verified
288,,100007,2025-03-25,SIP,65663.66,222.617,GJ,Failed
289,10181,100024,2025-02-01,LUMPSUM,47814.81,290.758,WB,Failed
290,10141,100024,2025-05-01,SIP,67975.24,179.834,WB,Verified
291,10025,100014,2025-01-15,LUMPSUM,44045.86,292.496,KA,Pending
292,10056,100002,2025-07-02,SIP,64655.22,356.178,TN,Verified
293,10103,100010,2025-01-25,LUMPSUM,35334.35,94.196,KA,Pending
294,10060,100032,2025-02-24,LUMPSUM,51179.14,17.699,TS,Y
295,10198,100030,2025-03-15,LUMPSUM,69193.31,490.684,DL,Failed
296,10104,100004,2025-03-24,LUMPSUM,6808.36,465.874,GJ,Failed
297,10004,100032,2025-08-03,SIP,69462.62,415.6,GJ,Failed
298,10005,100030,2025-11-01,SIP,80593.69,230.956,KA,Pending
299,,100013,2025-02-14,REDEMPTION,58363.38,323.455,TS,N
300,10088,100006,2025-10-03,REDEMPTION,4671.03,177.328,KA,N
301,10168,100000,2025-02-23,SIP,11645.0,28.41,MH,N
302,10057,100037,2025-04-03,REDEMPTION,15776.24,390.354,MH,N
303,10010,100010,2025-03-15,REDEMPTION,199.63,53.091,MH,Y
304,10021,100015,2025-01-31,SIP,94899.79,327.031,GJ,Y
305,10108,100004,2025-01-17,SIP,53962.14,195.798,MH,N
306,10007,100021,2025-11-03,REDEMPTION,9121.14,411.197,MH,Pending
307,10014,100017,2025-03-20,SIP,88762.41,54.443,TN,Verified
308,10178,100032,2025-01-30,LUMPSUM,80653.66,458.73,TS,Failed
309,10039,100038,2025-01-17,SIP,46040.27,231.575,GJ,Failed
310,10176,100016,2025-01-27,LUMPSUM,82355.69,242.198,KA,Failed
311,10168,100020,2025-01-22,SIP,96428.05,361.67,DL,Y
312,10155,100038,2025-06-01,REDEMPTION,53615.26,297.021,MH,Y
313,10084,100000,2025-03-28,REDEMPTION,29959.51,269.397,KA,Verified
314,10162,100031,2025-02-14,LUMPSUM,8579.14,163.687,KA,Pending
315,10177,100007,2025-01-17,REDEMPTION,7816.82,39.962,TN,Pending
316,10079,100005,2025-03-13,SIP,99937.5,327.428,DL,Verified
317,10153,100021,2025-04-01,LUMPSUM,64244.78,245.647,WB,Failed
318,10198,100022,2025-09-01,SIP,16395.52,480.14,TS,Pending
319,10070,100001,2025-01-24,LUMPSUM,46887.45,428.926,MH,Verified
320,10016,100028,2025-10-02,REDEMPTION,16759.66,298.029,GJ,N
321,10177,100016,2025-12-02,SIP,52015.33,47.937,WB,N
322,10041,100020,2025-03-03,REDEMPTION,14256.81,281.201,KA,Verified
323,10008,100007,2025-04-02,LUMPSUM,82811.27,405.061,WB,Verified
324,10019,100013,2025-03-16,LUMPSUM,58822.84,291.915,TS,Failed
326,10092,100002,2025-11-01,LUMPSUM,95436.65,308.131,KA,Y
327,10081,100005,2025-02-01,REDEMPTION,90906.64,89.348,TS,Failed
328,10065,100020,2025-11-03,SIP,89101.93,294.984,GJ,Pending
330,10171,100035,2025-02-22,REDEMPTION,45707.48,214.842,TN,Verified
331,10180,100038,2025-05-01,REDEMPTION,25334.56,322.165,MH,N
332,10110,100029,2025-02-23,LUMPSUM,18397.72,396.299,TN,N
333,10010,100016,2025-01-25,REDEMPTION,64564.49,331.01,KA,Failed
334,10089,100012,2025-03-13,SIP,38365.86,21.497,MH,Failed
335,10016,100032,2025-01-27,REDEMPTION,33533.29,431.0,MH,Y
336,10096,100029,2025-03-19,SIP,82046.21,375.753,WB,Failed
337,10165,100003,2025-01-30,LUMPSUM,13033.81,270.085,DL,Failed
338,10183,100023,2025-02-02,REDEMPTION,88808.88,157.204,GJ,Y
339,10052,100034,2025-01-25,REDEMPTION,63192.47,157.545,WB,Pending
340,10036,100008,2025-01-31,REDEMPTION,73798.6,141.125,KA,Y
341,10007,100030,2025-01-26,SIP,51049.02,127.926,DL,Failed
342,10056,100038,2025-02-25,REDEMPTION,12245.29,326.219,GJ,Pending
343,10045,100024,2025-02-26,LUMPSUM,46453.54,483.558,TN,Failed
344,10113,100019,2025-02-18,SIP,9926.38,457.447,KA,N
345,,100001,2025-10-02,SIP,30279.08,87.611,WB,Pending
346,10117,100003,2025-01-15,REDEMPTION,1842.96,233.566,DL,Failed
347,10093,100021,2025-03-29,REDEMPTION,52693.68,21.519,KA,Verified
348,10045,100000,2025-03-31,SIP,23244.46,403.631,MH,Failed
349,10070,100033,2025-01-17,REDEMPTION,58679.04,269.653,KA,Y
350,10180,100001,2025-02-24,LUMPSUM,84347.14,21.055,WB,Verified
351,10129,100003,2025-03-14,SIP,10624.67,60.92,WB,N
352,10172,100020,2025-01-19,LUMPSUM,87244.5,417.177,KA,Failed
353,10141,100001,2025-01-19,REDEMPTION,64665.09,121.932,TN,Failed
354,10144,100004,2025-12-02,REDEMPTION,19762.47,15.567,WB,Failed
355,10134,100006,2025-02-15,SIP,12295.94,286.474,TN,Failed
356,,100009,2025-06-01,LUMPSUM,66334.03,384.743,TS,N
357,10047,100021,2025-03-01,LUMPSUM,32452.99,391.408,KA,N
358,10163,100010,2025-01-28,SIP,22548.81,341.005,MH,N
359,10169,100034,2025-11-03,REDEMPTION,21792.8,315.549,TS,Y
360,10102,100035,2025-07-01,LUMPSUM,39088.4,141.313,MH,N
361,10078,100019,2025-02-17,LUMPSUM,49831.32,101.636,TS,Failed
362,10058,100015,2025-10-01,LUMPSUM,29244.57,275.813,DL,Failed
363,10090,100039,2025-09-01,REDEMPTION,24069.03,271.036,KA,Failed
364,10093,100010,2025-03-22,REDEMPTION,94790.63,269.41,TS,Failed
365,10058,100005,2025-02-23,LUMPSUM,79962.0,447.384,KA,Failed
366,10089,100014,2025-02-15,LUMPSUM,68375.07,37.702,KA,Pending
367,10065,100011,2025-03-26,REDEMPTION,102.38,390.919,GJ,Y
368,10068,100015,2025-03-23,LUMPSUM,26372.5,178.199,MH,Failed
369,10038,100005,2025-03-22,REDEMPTION,7428.46,460.657,TS,Verified
370,10151,100032,2025-03-15,LUMPSUM,53128.21,453.654,KA,Verified
371,10044,100011,2025-01-03,REDEMPTION,64412.16,16.729,WB,Failed
372,10050,100031,2025-03-15,LUMPSUM,63688.16,8.114,DL,N
373,10094,100035,2025-03-18,LUMPSUM,8874.91,187.341,KA,N
374,10044,100028,2025-07-03,SIP,56536.8,205.497,GJ,Y
375,10070,100000,2025-02-17,LUMPSUM,26727.56,141.733,TN,N
376,10032,100034,2025-03-19,LUMPSUM,12517.62,275.831,DL,Verified
377,10076,100017,2025-03-03,SIP,44328.01,207.896,WB,Y
378,10146,100009,2025-03-22,LUMPSUM,97194.27,270.069,WB,N
379,10102,100007,2025-01-16,LUMPSUM,25853.24,203.68,MH,Verified
380,10118,100036,2025-03-14,LUMPSUM,52688.75,285.04,TN,Verified
381,10181,100000,2025-01-01,REDEMPTION,70999.9,145.892,KA,Y
382,10048,100033,2025-02-27,SIP,26420.27,446.149,KA,Verified
383,10122,100005,2025-06-02,LUMPSUM,81603.56,408.333,TS,Verified
384,10153,100015,2025-11-03,SIP,60149.75,106.922,KA,Pending
385,10056,100000,2025-02-21,SIP,29621.9,103.201,KA,Verified
386,10109,100035,2025-08-01,REDEMPTION,97690.07,476.447,MH,Y
387,10140,100001,2025-02-15,REDEMPTION,36475.99,348.212,TS,Y
388,10161,100016,2025-05-01,SIP,95508.44,426.185,KA,Y
389,10070,100011,2025-02-13,SIP,28233.5,357.524,KA,Pending
390,10107,100037,2025-02-03,REDEMPTION,87948.01,233.947,KA,Verified
391,10083,100015,2025-03-19,SIP,19680.41,328.27,GJ,Verified
392,10167,100033,2025-01-18,LUMPSUM,77457.49,286.225,WB,Pending
393,10112,100026,2025-02-22,LUMPSUM,56101.48,6.428,KA,Y
394,10089,100006,2025-02-26,LUMPSUM,27240.85,472.126,GJ,N
395,10097,100022,2025-06-02,SIP,40348.39,48.163,GJ,N
396,10160,100015,2025-01-25,SIP,60711.72,272.836,TS,Y
397,10025,100026,2025-05-03,SIP,98614.18,254.627,KA,Pending
398,10007,100006,2025-02-01,REDEMPTION,81337.91,108.508,TN,Failed
399,10129,100004,2025-03-29,REDEMPTION,89384.02,358.549,TS,Y
400,10023,100027,2025-11-03,LUMPSUM,82661.34,74.077,WB,Y
401,10041,100021,2025-03-16,REDEMPTION,31209.51,184.052,WB,N
402,10087,100016,2025-11-03,LUMPSUM,59883.93,218.888,GJ,Y
403,10120,100011,2025-03-14,SIP,312.24,336.545,DL,Failed
404,10194,100030,2025-03-24,LUMPSUM,64423.17,12.913,WB,Failed
405,10064,100016,2025-12-01,LUMPSUM,62672.92,466.157,KA,N
406,10104,100039,2025-03-28,SIP,66941.97,111.095,DL,N
407,,100017,2025-01-20,LUMPSUM,52155.55,100.524,KA,Verified
408,10199,100011,2025-07-02,LUMPSUM,19961.8,47.096,WB,Verified
409,10098,100033,2025-03-01,REDEMPTION,10788.5,84.728,WB,Pending
410,10098,100007,2025-03-16,LUMPSUM,5229.35,259.039,TS,Verified
411,10126,100015,2025-12-02,SIP,15431.86,32.306,TS,Y
412,10012,100006,2025-03-16,REDEMPTION,4471.7,35.104,MH,Verified
413,10112,100037,2025-01-27,SIP,31685.57,35.225,MH,N
414,10095,100019,2025-06-03,SIP,65170.24,33.575,DL,N
415,10013,100011,2025-02-13,REDEMPTION,82963.39,38.627,WB,Pending
416,10080,100008,2025-11-03,SIP,44886.37,278.286,WB,Y
417,10058,100007,2025-02-27,LUMPSUM,50739.24,14.626,TN,Verified
418,10017,100012,2025-02-23,LUMPSUM,32205.91,470.204,TS,N
419,10018,100033,2025-02-15,LUMPSUM,1387.65,69.108,GJ,N
420,10005,100022,2025-01-14,SIP,21827.7,478.288,MH,N
421,10178,100019,2025-03-17,REDEMPTION,14150.75,287.616,KA,Y
422,10156,100014,2025-02-15,LUMPSUM,21776.97,63.591,KA,Verified
423,10080,100031,2025-11-03,LUMPSUM,85612.58,372.098,TS,Verified
424,10051,100009,2025-03-24,SIP,34854.12,291.057,GJ,Pending
425,10108,100002,2025-07-02,SIP,61657.17,141.89,TN,Verified
426,,100004,2025-01-24,REDEMPTION,12959.28,154.375,DL,N
427,10032,100027,2025-02-22,SIP,91491.78,439.408,GJ,Failed
428,10043,100034,2025-03-23,LUMPSUM,99146.96,470.639,MH,N
429,10109,100013,2025-03-03,SIP,17508.23,370.439,DL,N
430,10187,100013,2025-05-01,SIP,59666.72,494.064,MH,Verified
431,10135,100029,2025-03-26,LUMPSUM,83878.33,94.914,MH,N
432,10149,100001,2025-01-28,REDEMPTION,62766.89,138.927,MH,Failed
433,10016,100005,2025-03-28,REDEMPTION,45088.62,6.778,MH,N
434,10077,100038,2025-01-18,SIP,5824.94,185.227,KA,N
435,10129,100028,2025-02-25,LUMPSUM,82108.77,248.781,TN,Pending
436,10143,100033,2025-01-29,SIP,48420.75,425.995,DL,Failed
437,10093,100030,2025-01-26,SIP,82795.05,364.724,DL,N
438,10127,100036,2025-01-21,SIP,23996.31,332.592,MH,Verified
439,10078,100038,2025-02-22,SIP,75303.04,304.373,KA,Verified
440,10073,100026,2025-03-30,REDEMPTION,99520.13,323.469,KA,Failed
441,10067,100024,2025-01-21,SIP,20383.38,314.915,DL,Failed
442,10046,100037,2025-02-18,REDEMPTION,81517.45,196.04,TS,Verified
443,,100022,2025-01-30,REDEMPTION,37733.18,251.348,GJ,Y
444,10076,100021,2025-09-02,LUMPSUM,55937.95,179.524,TS,Pending
445,10180,100039,2025-03-18,LUMPSUM,68473.01,437.338,KA,Verified
446,10049,100010,2025-03-22,REDEMPTION,48861.7,435.131,KA,Y
447,10192,100026,2025-03-13,REDEMPTION,11085.79,179.342,KA,N
448,10061,100025,2025-03-15,REDEMPTION,61813.99,36.981,KA,N
449,10103,100000,2025-01-31,REDEMPTION,89755.49,130.508,TS,Pending
450,10009,100021,2025-06-03,SIP,60224.62,247.602,TN,Verified
451,,100022,2025-02-20,REDEMPTION,46305.38,14.79,DL,Pending
452,10057,100003,2025-02-19,REDEMPTION,5039.7,221.392,KA,N
453,10042,100009,2025-02-22,SIP,90098.88,167.996,KA,Pending
454,10169,100007,2025-02-26,SIP,49477.92,408.844,TS,Y
455,,100004,2025-01-31,LUMPSUM,91401.67,264.413,GJ,Verified
456,10028,100015,2025-03-30,LUMPSUM,77718.92,441.797,MH,N
457,10071,100002,2025-05-01,SIP,33137.18,230.579,KA,Verified
458,10199,100020,2025-01-23,LUMPSUM,42689.35,441.834,KA,N
459,10028,100000,2025-01-13,LUMPSUM,70358.39,121.965,WB,N
460,10174,100021,2025-02-14,SIP,5695.66,126.069,KA,Pending
461,10075,100002,2025-03-20,REDEMPTION,47965.67,203.728,DL,N
462,10138,100009,2025-01-22,SIP,24753.68,157.33,MH,Pending
463,10049,100005,2025-06-01,REDEMPTION,33317.27,383.562,KA,Failed
464,10142,100003,2025-03-13,SIP,37212.46,165.36,KA,Verified
465,10148,100021,2025-02-22,SIP,53732.24,225.778,KA,Y
466,10141,100000,2025-03-01,LUMPSUM,87529.86,129.716,TN,Y
467,10144,100035,2025-02-15,REDEMPTION,50695.07,358.886,KA,Y
468,,100011,2025-03-24,REDEMPTION,54905.03,481.37,TS,Y
469,10188,100034,2025-02-17,SIP,54200.17,440.723,TS,Pending
470,10144,100022,2025-03-31,LUMPSUM,28072.31,440.731,TN,Y
471,10120,100034,2025-08-02,SIP,44137.93,457.473,WB,Failed
472,10120,100013,2025-03-13,LUMPSUM,11010.74,311.149,DL,Verified
473,10101,100023,2025-01-19,REDEMPTION,15001.98,489.635,GJ,Failed
474,10107,100036,2025-01-20,SIP,92352.58,443.128,KA,Verified
475,10062,100028,2025-02-16,LUMPSUM,68828.7,163.82,GJ,Failed
476,10166,100015,2025-08-01,LUMPSUM,39942.14,487.404,TS,Y
477,10177,100004,2025-01-13,REDEMPTION,88771.4,255.941,KA,Pending
478,10189,100009,2025-03-28,SIP,48390.16,84.979,TS,Pending
479,10009,100016,2025-11-01,REDEMPTION,4357.65,366.696,DL,Y
480,10164,100012,2025-07-01,REDEMPTION,65071.72,458.236,TS,Verified
481,10085,100026,2025-12-01,REDEMPTION,42161.73,452.539,TS,N
482,,100008,2025-01-28,LUMPSUM,75555.86,389.202,GJ,N
483,10041,100016,2025-01-13,LUMPSUM,35845.21,2.521,GJ,Failed
484,10067,100021,2025-10-02,REDEMPTION,3108.93,393.191,WB,N
485,10009,100008,2025-07-02,SIP,18658.55,400.184,WB,Failed
486,10067,100004,2025-01-01,LUMPSUM,76195.06,68.816,GJ,Verified
487,10117,100028,2025-11-02,REDEMPTION,74390.95,190.311,GJ,Y
488,10144,100005,2025-03-02,LUMPSUM,99973.69,447.942,KA,Verified
489,10142,100011,2025-01-20,SIP,32152.37,216.937,KA,Y
490,10035,100025,2025-06-02,REDEMPTION,56750.62,98.829,MH,Failed
491,10187,100022,2025-02-14,REDEMPTION,61560.89,72.089,KA,Failed
492,10161,100027,2025-12-02,REDEMPTION,40681.43,324.039,WB,Failed
493,10163,100012,2025-01-15,SIP,48327.73,86.175,TN,Y
494,10001,100037,2025-08-01,SIP,51666.3,368.921,WB,Failed
495,10010,100029,2025-06-03,LUMPSUM,68708.22,51.923,KA,Verified
496,,100016,2025-01-16,LUMPSUM,62509.5,386.818,KA,Y
497,10080,100012,2025-09-03,LUMPSUM,68736.07,156.824,KA,Pending
498,10084,100014,2025-01-28,LUMPSUM,54061.63,112.155,TS,N
499,10133,100000,2025-03-21,REDEMPTION,77339.76,98.521,MH,Y
500,10150,100006,2025-07-01,REDEMPTION,87934.69,484.49,TN,Y
501,10037,100021,2025-02-03,SIP,19210.33,278.707,GJ,Verified
502,10012,100013,2025-02-16,SIP,5290.27,258.478,KA,Y
503,10015,100020,2025-02-19,REDEMPTION,39572.11,122.606,TN,Y
504,10159,100005,2025-11-01,SIP,37823.65,15.116,KA,Verified
505,10150,100037,2025-02-22,SIP,3587.2,435.977,TS,Verified
506,10020,100008,2025-02-28,LUMPSUM,97859.32,7.858,TS,Failed
507,10174,100031,2025-02-27,REDEMPTION,77195.91,466.745,TS,Verified
508,10061,100012,2025-01-24,SIP,86694.87,5.272,MH,Verified
509,10043,100030,2025-03-14,LUMPSUM,87611.53,419.813,KA,Pending
510,10149,100028,2025-03-24,LUMPSUM,93516.12,232.971,WB,N
511,10051,100010,2025-01-31,REDEMPTION,64671.88,189.077,MH,Failed
512,10170,100012,2025-12-02,SIP,73309.9,224.932,KA,N
513,10039,100005,2025-03-19,REDEMPTION,95145.3,266.507,WB,Verified
514,10147,100009,2025-05-01,REDEMPTION,52383.43,27.714,WB,Pending
515,10018,100017,2025-06-01,LUMPSUM,22678.66,53.741,GJ,N
516,10149,100027,2025-04-02,SIP,75434.05,93.855,MH,Failed
517,10128,100028,2025-01-20,REDEMPTION,34999.73,184.88,MH,Pending
518,10068,100002,2025-08-03,LUMPSUM,85929.33,1.529,KA,Pending
519,10126,100011,2025-03-14,REDEMPTION,70700.0,234.866,KA,Y
520,10023,100008,2025-03-30,REDEMPTION,98083.3,495.234,TS,N
521,10117,100006,2025-02-03,SIP,73652.99,15.285,TS,Y
522,10121,100014,2025-09-01,SIP,71861.55,356.277,KA,N
523,10119,100037,2025-01-17,SIP,45164.81,344.28,GJ,Failed
524,,100025,2025-10-02,LUMPSUM,52540.96,328.306,KA,Failed
525,10074,100026,2025-03-23,SIP,42554.7,317.124,GJ,Pending
526,10075,100034,2025-09-01,SIP,84543.58,443.519,KA,Failed
527,10088,100009,2025-04-03,LUMPSUM,508.35,100.137,KA,N
528,,100019,2025-07-03,REDEMPTION,54752.95,80.148,WB,Pending
529,10145,100033,2025-01-15,REDEMPTION,3222.57,163.572,DL,Failed
530,10009,100025,2025-02-23,LUMPSUM,71790.43,289.505,MH,Pending
531,10107,100021,2025-02-18,REDEMPTION,98906.9,437.455,KA,Y
532,,100002,2025-01-22,REDEMPTION,43854.29,24.679,TN,Verified
533,10125,100011,2025-03-28,SIP,64786.6,294.278,WB,Pending
534,10069,100036,2025-06-02,SIP,35588.62,349.429,TS,Verified
535,10015,100024,2025-01-18,SIP,38417.63,122.275,KA,Failed
536,10169,100021,2025-03-26,REDEMPTION,12194.01,45.457,DL,Pending
537,10007,100001,2025-04-01,LUMPSUM,11502.02,388.742,DL,Failed
538,10020,100001,2025-07-01,SIP,7134.3,462.452,MH,Failed
539,10015,100007,2025-03-27,SIP,17048.04,334.573,TN,Failed
540,10089,100026,2025-02-03,SIP,52062.51,58.556,KA,Verified
541,10054,100025,2025-08-02,LUMPSUM,79634.6,489.82,DL,Verified
542,10061,100026,2025-01-27,LUMPSUM,85250.32,438.057,TN,Verified
543,10081,100017,2025-02-27,REDEMPTION,34223.64,496.552,GJ,Pending
544,10165,100005,2025-01-02,SIP,78531.47,161.354,KA,Verified
545,10168,100007,2025-01-19,LUMPSUM,97217.76,6.592,TS,Verified
546,10096,100020,2025-03-02,LUMPSUM,37162.39,73.162,WB,Verified
547,10026,100008,2025-06-03,SIP,94310.83,364.573,MH,Verified
548,10143,100021,2025-10-01,REDEMPTION,87000.66,259.756,TS,Failed
549,10050,100030,2025-01-30,SIP,29515.76,300.611,DL,Failed
550,10019,100005,2025-07-03,LUMPSUM,78363.87,391.069,MH,Verified
551,10116,100007,2025-01-17,SIP,36386.41,476.21,KA,N
552,10193,100028,2025-03-18,LUMPSUM,93865.46,53.586,TS,Y
553,10197,100015,2025-03-15,SIP,71526.99,283.439,KA,Y
554,10010,100023,2025-03-21,LUMPSUM,48249.94,373.822,DL,Pending
555,10161,100014,2025-03-16,REDEMPTION,23450.79,178.572,MH,Y
556,10008,100030,2025-03-13,SIP,34245.72,398.187,MH,Verified
557,10082,100025,2025-01-24,SIP,21414.92,339.519,GJ,Failed
558,10140,100016,2025-03-21,REDEMPTION,47624.46,177.34,MH,Y
559,10083,100011,2025-03-26,SIP,51663.22,234.012,WB,Y
560,10198,100011,2025-02-16,REDEMPTION,14319.25,168.324,WB,Failed
561,10042,100036,2025-03-22,LUMPSUM,55628.86,464.457,GJ,Verified
562,10012,100024,2025-02-25,SIP,12671.51,108.735,GJ,Y
563,10065,100003,2025-03-17,LUMPSUM,67135.72,358.635,KA,Y
564,10040,100006,2025-01-24,REDEMPTION,97253.73,398.042,DL,Y
565,10063,100002,2025-03-15,SIP,49850.66,150.706,WB,Pending
566,10025,100033,2025-02-21,LUMPSUM,5971.53,27.949,TN,Failed
567,10038,100024,2025-03-25,SIP,30925.69,312.64,TS,Failed
568,10028,100026,2025-01-30,LUMPSUM,15050.55,78.845,DL,Verified
569,10134,100032,2025-02-28,LUMPSUM,87009.82,130.751,TN,Y
570,10172,100033,2025-01-02,REDEMPTION,70308.21,178.321,KA,Failed
571,10155,100015,2025-01-19,LUMPSUM,49969.15,177.743,MH,Pending
572,10021,100021,2025-05-03,SIP,5074.94,394.601,MH,Failed
573,10006,100025,2025-03-02,SIP,60997.25,475.035,DL,N
574,10057,100023,2025-03-17,LUMPSUM,17682.9,431.88,GJ,Y
575,10113,100002,2025-05-03,SIP,28689.57,195.203,TN,Y
576,10114,100028,2025-02-26,SIP,20490.75,96.557,TN,Failed
577,10068,100032,2025-02-16,LUMPSUM,21713.03,102.048,DL,Failed
578,10122,100024,2025-02-01,SIP,93306.39,149.262,KA,N
579,10033,100029,2025-09-02,LUMPSUM,51181.48,485.423,MH,Failed
580,10186,100028,2025-09-01,REDEMPTION,31785.63,471.489,MH,Y
581,10085,100006,2025-01-27,LUMPSUM,94996.04,444.28,GJ,Verified
582,10032,100008,2025-05-02,REDEMPTION,80813.74,204.77,WB,Failed
583,10153,100037,2025-10-01,SIP,84799.05,326.27,WB,Verified
584,10182,100002,2025-03-14,LUMPSUM,66210.62,35.91,MH,Y
585,10166,100000,2025-04-02,LUMPSUM,75259.19,181.975,GJ,Verified
586,,100007,2025-01-01,REDEMPTION,90005.16,181.534,GJ,N
587,10156,100017,2025-11-01,REDEMPTION,77317.82,258.714,TS,N
588,10042,100003,2025-03-16,SIP,60485.06,96.383,MH,Failed
589,10102,100015,2025-08-02,REDEMPTION,77381.36,162.699,TN,Verified
590,10080,100036,2025-02-15,REDEMPTION,79620.52,348.413,KA,Pending
591,10136,100023,2025-03-22,SIP,64356.92,304.819,TS,Pending
592,10070,100011,2025-09-01,SIP,68571.15,55.94,TN,N
593,,100034,2025-01-24,LUMPSUM,95554.68,305.079,GJ,N
594,10158,100003,2025-03-18,REDEMPTION,82508.63,431.096,MH,N
595,10048,100004,2025-01-22,REDEMPTION,79988.42,434.099,KA,Pending
596,10013,100036,2025-02-21,LUMPSUM,36801.82,86.984,WB,Failed
597,10002,100035,2025-02-16,SIP,23951.25,53.224,KA,Verified
598,10192,100018,2025-03-17,SIP,42473.34,338.861,GJ,Verified
599,10185,100017,2025-01-20,SIP,63262.77,49.497,GJ,Pending
600,10158,100019,2025-05-01,LUMPSUM,39749.96,103.737,KA,Pending
601,10029,100006,2025-12-02,LUMPSUM,39646.81,278.008,TN,N
602,10042,100024,2025-01-17,SIP,81858.63,394.591,WB,Y
603,10005,100033,2025-03-01,REDEMPTION,97366.8,72.848,KA,Pending
604,10116,100013,2025-03-18,REDEMPTION,43493.7,24.636,MH,Y
605,10150,100024,2025-02-01,LUMPSUM,78241.93,274.185,GJ,Y
606,10033,100012,2025-07-03,REDEMPTION,680.7,47.019,KA,Y
607,10112,100026,2025-01-29,REDEMPTION,8248.8,316.255,KA,Pending
608,10049,100018,2025-02-26,SIP,59580.91,364.489,TN,N
609,10037,100025,2025-02-14,LUMPSUM,83819.06,300.766,GJ,Verified
610,10188,100018,2025-01-20,LUMPSUM,57674.36,114.366,DL,Failed
611,10097,100027,2025-02-02,REDEMPTION,83686.78,52.66,KA,Verified
612,10009,100023,2025-04-02,SIP,57460.67,480.831,GJ,N
613,10015,100010,2025-01-19,SIP,53646.18,268.128,WB,N
614,10099,100021,2025-12-01,LUMPSUM,18371.8,52.048,TS,Failed
615,10154,100008,2025-02-20,LUMPSUM,28901.34,445.308,DL,Failed
616,10097,100016,2025-02-28,REDEMPTION,84660.93,45.063,TN,Y
617,10125,100032,2025-04-03,SIP,68271.22,280.749,KA,N
618,10125,100034,2025-09-02,SIP,63098.7,55.983,TS,Y
619,10159,100010,2025-03-18,SIP,58821.2,185.298,DL,Verified
620,10175,100036,2025-01-02,LUMPSUM,83455.99,407.579,GJ,Failed
621,10166,100017,2025-12-02,SIP,30994.05,413.73,MH,Failed
622,10042,100018,2025-11-02,LUMPSUM,34441.3,454.953,WB,N
623,10080,100021,2025-03-24,REDEMPTION,24975.79,94.942,DL,Y
624,10139,100016,2025-08-03,REDEMPTION,16106.63,79.298,TS,Y
625,10138,100031,2025-08-01,REDEMPTION,99009.47,99.301,TN,Verified
626,10112,100008,2025-01-23,LUMPSUM,5241.37,321.324,TS,Verified
627,10160,100015,2025-04-03,REDEMPTION,18689.87,461.57,KA,Verified
628,10194,100020,2025-08-03,REDEMPTION,62972.54,33.009,WB,Y
629,10080,100023,2025-02-13,LUMPSUM,54003.94,337.753,KA,Y
630,10127,100027,2025-01-16,REDEMPTION,11080.77,189.096,TS,Pending
631,10124,100002,2025-02-25,SIP,85013.6,47.856,KA,Failed
632,,100009,2025-03-27,LUMPSUM,76773.11,45.978,TN,Pending
633,10016,100011,2025-10-03,SIP,90600.04,382.158,TN,Verified
634,,100006,2025-02-28,REDEMPTION,73554.79,448.352,KA,Y
635,10170,100013,2025-01-13,SIP,92907.83,25.63,KA,Y
636,10156,100001,2025-01-26,SIP,33280.78,162.984,GJ,Verified
637,10165,100018,2025-02-24,SIP,64249.9,424.731,WB,Pending
638,10030,100028,2025-02-21,REDEMPTION,93316.17,385.363,DL,Failed
639,10120,100013,2025-02-20,LUMPSUM,16551.38,85.813,DL,N
640,10099,100012,2025-02-20,SIP,66402.74,305.925,GJ,Failed
641,10083,100036,2025-07-02,REDEMPTION,5950.87,458.22,KA,Y
642,10046,100009,2025-06-03,REDEMPTION,64506.68,385.225,WB,Failed
643,10146,100002,2025-02-21,LUMPSUM,98387.3,373.315,DL,Pending
644,,100010,2025-01-14,LUMPSUM,62736.58,253.915,WB,Failed
645,10153,100032,2025-02-13,LUMPSUM,98719.11,370.767,KA,Y
646,10156,100037,2025-02-24,SIP,21523.86,440.728,MH,N
647,10040,100011,2025-03-19,REDEMPTION,9123.5,34.895,MH,N
648,10099,100029,2025-01-30,SIP,13574.43,338.909,DL,N
649,10026,100009,2025-07-01,LUMPSUM,18227.14,499.431,DL,Verified
650,,100036,2025-04-02,SIP,17191.66,133.902,WB,N
651,10112,100007,2025-01-01,SIP,33312.45,192.941,MH,Pending
652,10031,100014,2025-01-28,LUMPSUM,92793.22,330.394,DL,N
653,10167,100017,2025-01-30,REDEMPTION,459.1,460.587,KA,Verified
654,,100038,2025-02-20,REDEMPTION,50462.23,169.113,KA,Y
655,10136,100031,2025-03-20,LUMPSUM,56622.18,3.938,KA,Pending
656,10139,100025,2025-02-18,REDEMPTION,33972.32,264.684,WB,N
657,10027,100026,2025-02-18,REDEMPTION,6656.64,334.673,WB,Y
658,10093,100013,2025-01-23,REDEMPTION,48783.31,488.246,MH,Y
659,10069,100004,2025-02-15,SIP,69097.85,82.473,WB,Pending
660,10059,100036,2025-03-22,LUMPSUM,81377.5,118.958,KA,Verified
661,10062,100028,2025-03-01,REDEMPTION,44200.15,494.431,KA,N
662,10065,100000,2025-03-19,REDEMPTION,45623.61,444.666,GJ,Verified
663,10106,100019,2025-05-03,LUMPSUM,2430.75,345.213,WB,N
664,,100012,2025-03-28,LUMPSUM,75591.3,213.332,WB,Verified
665,10056,100008,2025-11-02,LUMPSUM,585.63,420.251,KA,Failed
666,10182,100016,2025-09-03,LUMPSUM,28889.59,24.83,KA,Y
667,10107,100015,2025-01-31,LUMPSUM,95166.98,166.777,WB,Failed
668,10079,100026,2025-03-31,SIP,57738.39,318.065,TS,Verified
669,10138,100034,2025-01-26,SIP,47929.35,439.288,MH,Verified
670,10107,100016,2025-02-16,REDEMPTION,85399.78,269.802,WB,Failed
671,10086,100011,2025-12-02,REDEMPTION,42245.74,27.498,TN,Failed
672,10182,100006,2025-02-24,REDEMPTION,11437.28,31.127,KA,Y
673,10076,100020,2025-03-16,REDEMPTION,89996.11,281.802,GJ,N
674,10062,100020,2025-01-30,LUMPSUM,36515.62,341.974,WB,Pending
675,10139,100001,2025-03-17,SIP,49342.87,242.558,TS,N
676,10014,100034,2025-02-26,LUMPSUM,59781.99,64.522,WB,Y
677,10108,100005,2025-11-02,LUMPSUM,68504.11,130.86,GJ,Failed
678,10090,100009,2025-02-02,REDEMPTION,74946.73,333.997,KA,Verified
679,,100006,2025-10-03,REDEMPTION,62047.82,181.716,TN,Pending
680,10095,100029,2025-03-18,SIP,99972.43,384.45,TN,N
681,10116,100022,2025-01-30,SIP,83444.99,458.417,KA,Y
682,10168,100038,2025-10-01,SIP,93567.2,322.481,MH,N
683,10048,100020,2025-03-15,REDEMPTION,7472.65,487.725,TS,Pending
684,10148,100000,2025-02-01,LUMPSUM,92738.15,337.963,MH,Failed
685,10189,100037,2025-03-22,LUMPSUM,42277.04,449.627,GJ,Verified
686,10094,100001,2025-01-16,LUMPSUM,55671.83,405.625,GJ,Failed
687,10191,100022,2025-06-01,LUMPSUM,80772.45,487.422,TN,Failed
688,,100036,2025-07-01,REDEMPTION,82672.27,168.398,TN,Verified
689,10189,100038,2025-02-25,SIP,41785.54,84.797,TN,Failed
690,10087,100028,2025-01-27,SIP,55039.88,485.505,TN,Y
691,10173,100003,2025-08-02,SIP,83894.7,114.884,TN,Pending
692,10030,100006,2025-03-31,REDEMPTION,39202.46,53.724,DL,N
693,10144,100027,2025-01-21,SIP,52547.16,19.396,KA,Failed
694,10127,100010,2025-01-30,REDEMPTION,3588.02,440.507,WB,Verified
695,10045,100034,2025-03-14,LUMPSUM,67721.85,38.139,MH,Verified
696,10005,100021,2025-05-03,LUMPSUM,87832.53,230.624,DL,Pending
697,10164,100016,2025-01-19,REDEMPTION,81560.18,461.831,DL,Failed
698,10168,100038,2025-03-26,REDEMPTION,76574.18,221.51,GJ,Pending
699,,100012,2025-08-03,LUMPSUM,69605.31,240.197,GJ,Failed
700,10069,100027,2025-02-14,LUMPSUM,46614.39,192.684,TS,Pending
701,10148,100035,2025-05-03,REDEMPTION,27998.92,300.403,DL,Failed
702,,100006,2025-08-01,LUMPSUM,39798.41,220.475,TN,Y
703,10056,100009,2025-06-02,SIP,99056.46,380.804,TN,Failed
704,10036,100025,2025-12-01,LUMPSUM,15034.72,133.36,KA,Failed
705,10180,100038,2025-01-15,REDEMPTION,24431.23,71.873,MH,Failed
706,10165,100013,2025-03-29,REDEMPTION,60322.23,448.991,TS,Pending
707,10072,100003,2025-03-15,LUMPSUM,12995.41,327.14,GJ,Pending
708,10031,100010,2025-02-20,REDEMPTION,77223.36,340.572,DL,Failed
709,10151,100030,2025-03-24,REDEMPTION,89035.26,22.661,WB,N
710,10044,100022,2025-02-24,SIP,15171.09,36.159,DL,Pending
711,10074,100036,2025-01-15,REDEMPTION,85825.06,421.523,MH,Verified
712,10068,100011,2025-07-03,SIP,38212.95,232.294,KA,Failed
713,10187,100016,2025-02-22,LUMPSUM,14837.4,410.259,KA,Y
714,10110,100004,2025-02-28,LUMPSUM,93085.27,224.435,WB,N
715,10097,100027,2025-02-14,REDEMPTION,79557.33,21.341,TN,Failed
716,10054,100021,2025-03-27,SIP,82862.29,335.84,TS,Pending
717,10087,100010,2025-01-15,LUMPSUM,54672.37,418.212,GJ,Pending
718,10167,100013,2025-01-23,REDEMPTION,32343.33,55.122,KA,Failed
719,10012,100033,2025-03-21,REDEMPTION,38738.61,352.424,KA,N
720,10086,100004,2025-02-15,REDEMPTION,14241.38,378.694,TS,Verified
721,10018,100036,2025-02-22,SIP,2289.33,114.985,TN,Y
722,10062,100027,2025-03-15,SIP,82764.69,467.463,TN,Pending
723,10048,100035,2025-02-01,REDEMPTION,47108.82,310.095,DL,Verified
724,10116,100012,2025-03-20,LUMPSUM,48954.39,44.05,KA,N
725,10101,100012,2025-02-18,REDEMPTION,17415.89,203.356,KA,Verified
726,10013,100030,2025-02-24,LUMPSUM,98577.2,189.122,MH,N
727,10090,100024,2025-03-22,LUMPSUM,37566.78,395.597,KA,Y
728,10179,100033,2025-01-20,REDEMPTION,75489.69,26.716,MH,Failed
729,10149,100037,2025-01-15,REDEMPTION,72086.2,52.363,TN,Verified
730,10072,100000,2025-02-19,LUMPSUM,86227.13,13.234,KA,N
731,10060,100004,2025-01-28,LUMPSUM,95242.71,238.596,TN,Pending
732,10063,100028,2025-02-26,REDEMPTION,74357.22,160.922,MH,Y
733,10121,100037,2025-03-23,LUMPSUM,78541.46,450.191,DL,Y
734,10163,100019,2025-07-01,REDEMPTION,76851.74,123.425,TN,Failed
735,10100,100038,2025-03-02,SIP,3815.42,181.332,GJ,Failed
736,10131,100019,2025-01-23,SIP,94720.48,323.115,GJ,Failed
737,10161,100007,2025-12-03,SIP,87276.35,257.741,MH,Pending
738,10150,100012,2025-05-01,LUMPSUM,15781.4,229.625,KA,Pending
739,10169,100010,2025-09-02,LUMPSUM,53669.72,117.982,WB,Verified
740,10034,100001,2025-12-02,SIP,35504.71,470.26,KA,Pending
741,10073,100020,2025-10-03,REDEMPTION,49196.08,98.348,DL,N
742,10077,100014,2025-02-21,SIP,28591.55,221.227,TN,Verified
743,10139,100033,2025-02-27,LUMPSUM,59780.96,377.567,WB,Verified
744,10109,100002,2025-02-17,LUMPSUM,50836.0,32.302,WB,Verified
745,10071,100033,2025-03-18,LUMPSUM,81134.06,0.271,KA,Verified
746,10111,100027,2025-05-03,SIP,39168.11,482.663,KA,Y
747,10032,100020,2025-02-25,LUMPSUM,43107.03,217.621,WB,Pending
748,10145,100022,2025-03-24,LUMPSUM,64354.71,49.541,WB,Y
749,10062,100006,2025-01-14,REDEMPTION,56566.75,41.611,TS,N
750,10173,100003,2025-01-30,LUMPSUM,38529.81,21.041,KA,N
751,10072,100009,2025-10-01,SIP,12523.79,421.817,KA,N
752,10150,100016,2025-02-28,LUMPSUM,11385.49,310.675,KA,N
753,10071,100005,2025-02-01,SIP,7331.24,354.734,DL,Failed
754,10115,100006,2025-02-26,REDEMPTION,88931.0,220.526,TS,Failed
755,10198,100035,2025-06-03,REDEMPTION,27945.09,282.498,KA,Verified
756,,100030,2025-01-25,REDEMPTION,8428.45,326.84,MH,Pending
757,10023,100009,2025-03-21,LUMPSUM,18403.3,31.994,TN,N
758,10005,100024,2025-03-24,SIP,40042.78,11.21,KA,Verified
759,10103,100005,2025-02-26,REDEMPTION,97675.45,86.359,TN,Verified
760,10025,100017,2025-03-29,LUMPSUM,65698.87,139.499,GJ,N
761,10062,100004,2025-08-03,LUMPSUM,9461.4,383.802,TS,Failed
762,10153,100007,2025-03-15,SIP,59488.24,137.699,DL,Failed
763,10144,100005,2025-02-14,SIP,32027.39,224.488,TN,Pending
764,10176,100038,2025-08-01,REDEMPTION,44037.05,16.497,DL,Y
765,10041,100021,2025-03-27,LUMPSUM,37535.45,215.797,KA,Y
766,10092,100005,2025-02-16,SIP,99220.62,268.378,GJ,Failed
767,10110,100011,2025-10-03,LUMPSUM,2802.17,129.59,DL,Verified
768,10026,100008,2025-03-15,REDEMPTION,13271.56,62.95,TS,Pending
769,10106,100004,2025-01-23,LUMPSUM,87893.51,310.793,WB,N
770,10098,100035,2025-12-02,LUMPSUM,55492.06,462.705,TN,N
771,10081,100037,2025-03-20,REDEMPTION,69504.99,90.628,KA,Verified
772,10149,100007,2025-01-25,SIP,57714.76,210.556,TN,Verified
773,10120,100029,2025-01-20,LUMPSUM,1536.45,423.128,KA,Y
774,10163,100004,2025-01-31,REDEMPTION,97938.98,489.54,WB,Verified
775,10013,100002,2025-03-22,LUMPSUM,55630.69,40.61,MH,Failed
776,10042,100029,2025-03-31,SIP,32693.04,224.979,TS,Y
777,10135,100004,2025-02-13,SIP,83646.86,470.847,KA,N
778,10037,100024,2025-10-02,LUMPSUM,52165.49,73.308,TS,Failed
779,10116,100005,2025-03-02,LUMPSUM,31384.39,369.932,WB,N
780,10157,100013,2025-01-18,SIP,31965.54,295.867,KA,Failed
781,,100016,2025-01-02,REDEMPTION,80577.83,490.548,DL,Verified
782,10196,100016,2025-03-17,LUMPSUM,14820.07,421.642,KA,Y
783,10197,100030,2025-09-01,LUMPSUM,80192.22,443.0,TS,Failed
784,10188,100027,2025-03-17,LUMPSUM,32488.53,1.832,KA,Verified
785,10060,100008,2025-04-03,REDEMPTION,1870.46,67.091,DL,Verified
786,10185,100028,2025-02-14,SIP,28284.39,82.633,WB,Y
787,10125,100028,2025-09-02,SIP,75891.91,109.875,TS,Pending
788,10001,100001,2025-08-02,SIP,69142.73,270.838,WB,N
789,10165,100027,2025-02-28,REDEMPTION,35227.17,147.145,TS,N
790,,100025,2025-01-30,LUMPSUM,29018.2,56.181,WB,Y
791,10152,100008,2025-03-13,SIP,33349.62,335.018,MH,Failed
792,10072,100003,2025-10-03,SIP,84064.55,307.432,MH,Y
793,10147,100029,2025-12-01,LUMPSUM,68615.17,156.055,KA,Failed
794,10064,100011,2025-02-18,REDEMPTION,98172.15,15.034,GJ,Y
795,10101,100003,2025-08-03,REDEMPTION,86921.03,437.416,DL,Y
796,,100023,2025-01-01,LUMPSUM,29087.63,56.671,KA,Failed
797,10073,100024,2025-03-23,LUMPSUM,87519.33,272.554,WB,Failed
798,10046,100025,2025-06-02,REDEMPTION,15266.43,470.326,TN,Verified
799,10141,100031,2025-02-20,LUMPSUM,7059.76,115.422,GJ,Failed
800,10166,100019,2025-08-03,SIP,75939.18,149.292,GJ,Failed
801,10090,100026,2025-02-01,SIP,14004.71,267.189,KA,Pending
802,10156,100012,2025-02-17,REDEMPTION,31989.39,248.907,KA,N
803,10171,100021,2025-05-03,REDEMPTION,81419.7,164.405,KA,Verified
804,10006,100006,2025-07-02,LUMPSUM,55657.36,160.63,WB,N
805,10183,100027,2025-01-31,SIP,29500.75,184.958,WB,Verified
806,10196,100037,2025-07-01,SIP,57454.3,429.306,KA,Failed
807,10162,100034,2025-07-02,LUMPSUM,43846.48,1.699,MH,Failed
808,10171,100006,2025-01-29,LUMPSUM,94452.31,464.386,GJ,Failed
809,10013,100002,2025-04-01,SIP,5728.18,368.97,TS,Failed
810,10021,100012,2025-01-18,SIP,61071.02,245.618,MH,N
811,10197,100033,2025-05-01,REDEMPTION,8323.6,375.029,KA,Pending
812,10057,100037,2025-02-27,SIP,2952.56,367.631,DL,Verified
813,10114,100006,2025-12-03,LUMPSUM,53854.34,188.964,MH,Y
814,10182,100010,2025-03-15,REDEMPTION,9853.79,366.653,WB,Y
815,10164,100025,2025-10-01,LUMPSUM,37893.14,87.622,WB,Y
816,10080,100010,2025-05-01,LUMPSUM,37964.64,363.984,TS,Y
817,,100012,2025-02-21,SIP,62558.4,10.114,MH,N
818,10160,100036,2025-03-01,LUMPSUM,69473.0,13.548,GJ,N
819,10075,100014,2025-01-31,REDEMPTION,77245.57,119.642,WB,N
820,10067,100009,2025-01-19,REDEMPTION,42444.5,482.011,MH,Pending
821,10071,100039,2025-02-15,REDEMPTION,1045.24,383.761,DL,Pending
822,10147,100034,2025-02-28,SIP,38841.65,297.571,DL,Y
823,10146,100037,2025-12-01,REDEMPTION,98598.81,171.987,KA,Failed
824,10013,100031,2025-03-17,SIP,69214.15,440.975,TN,Pending
825,10080,100038,2025-10-01,SIP,86911.31,80.088,MH,Pending
826,10186,100020,2025-03-21,REDEMPTION,96910.76,279.841,MH,Failed
827,10195,100033,2025-05-03,LUMPSUM,2534.54,363.208,KA,N
828,10067,100007,2025-01-29,LUMPSUM,58480.37,34.752,GJ,Verified
829,10160,100034,2025-05-01,REDEMPTION,43532.84,26.842,TN,Y
830,10166,100029,2025-10-03,REDEMPTION,25482.03,96.084,TS,Failed
831,10071,100006,2025-02-03,SIP,38280.44,260.458,MH,Pending
832,10126,100008,2025-03-20,LUMPSUM,16507.9,379.023,WB,Y
833,10173,100024,2025-06-01,LUMPSUM,1123.18,275.557,DL,N
834,10188,100010,2025-02-01,SIP,45227.25,435.173,KA,Verified
835,10065,100031,2025-12-01,SIP,39282.9,488.833,TS,Failed
836,10006,100031,2025-03-19,REDEMPTION,72275.28,74.469,KA,Verified
837,10072,100032,2025-09-02,REDEMPTION,68503.97,131.551,KA,Failed
838,10110,100026,2025-03-25,SIP,63807.89,32.179,TN,Pending
839,10038,100010,2025-12-01,REDEMPTION,58367.05,32.433,KA,Verified
840,10041,100037,2025-03-01,REDEMPTION,91067.88,245.562,KA,Verified
841,10027,100028,2025-06-01,LUMPSUM,72828.4,117.971,KA,N
842,10074,100010,2025-01-13,LUMPSUM,37809.15,218.92,KA,Y
843,10117,100009,2025-11-03,LUMPSUM,98006.66,20.085,KA,Failed
844,,100011,2025-08-02,REDEMPTION,93742.05,3.496,MH,Y
845,10112,100016,2025-03-23,SIP,3230.28,171.026,KA,N
846,10024,100022,2025-01-26,REDEMPTION,99672.58,436.372,KA,Failed
847,10045,100016,2025-01-14,REDEMPTION,35151.76,170.673,KA,Y
848,10056,100039,2025-03-18,LUMPSUM,93577.8,59.216,GJ,Failed
849,10174,100027,2025-03-18,LUMPSUM,82160.92,349.297,DL,Pending
850,,100037,2025-03-27,SIP,24001.45,242.609,GJ,N
851,10051,100007,2025-03-17,LUMPSUM,67256.54,251.171,TS,Failed
852,10184,100039,2025-09-01,LUMPSUM,78938.99,297.105,KA,Pending
853,10093,100026,2025-03-27,SIP,17058.53,70.783,WB,N
854,10149,100018,2025-01-25,SIP,21996.0,91.241,WB,N
855,10170,100031,2025-01-19,LUMPSUM,97065.73,384.863,TN,Pending
856,10125,100019,2025-02-24,REDEMPTION,19915.35,189.42,TS,Failed
857,10079,100007,2025-03-20,REDEMPTION,34259.78,266.067,TN,Y
858,10051,100017,2025-05-03,REDEMPTION,81598.36,148.024,KA,Verified
859,10167,100038,2025-02-14,LUMPSUM,89169.97,238.829,DL,N
860,10171,100013,2025-03-28,LUMPSUM,3048.21,106.301,DL,Y
861,10013,100030,2025-01-23,REDEMPTION,29074.65,170.249,KA,Failed
862,10105,100001,2025-01-21,LUMPSUM,87290.65,301.324,KA,Pending
863,10192,100004,2025-03-24,SIP,51540.21,436.574,KA,Verified
864,10166,100009,2025-03-03,REDEMPTION,93014.0,92.044,TN,Verified
865,10075,100000,2025-10-03,REDEMPTION,57779.71,25.925,MH,N
866,10080,100027,2025-01-23,REDEMPTION,25370.49,242.541,TS,Verified
867,10124,100028,2025-02-24,REDEMPTION,97449.11,278.839,MH,Verified
868,10161,100009,2025-02-03,REDEMPTION,5443.81,378.855,MH,Y
869,10048,100039,2025-03-21,SIP,8260.69,74.883,DL,N
870,10122,100038,2025-02-21,REDEMPTION,83101.33,491.686,TN,N
871,10106,100017,2025-02-20,REDEMPTION,13070.51,127.031,KA,Verified
872,10182,100013,2025-03-15,REDEMPTION,58486.36,15.313,TS,Pending
873,10023,100039,2025-01-02,LUMPSUM,53281.44,246.19,KA,N
874,10161,100039,2025-03-29,REDEMPTION,31346.99,178.415,TS,Pending
875,10141,100038,2025-05-01,LUMPSUM,43350.82,196.089,DL,Failed
876,10110,100019,2025-02-27,REDEMPTION,85116.47,130.642,DL,Failed
877,10148,100031,2025-03-29,REDEMPTION,37026.53,235.079,TN,Failed
878,10020,100026,2025-03-03,LUMPSUM,52969.02,181.911,TN,Verified
879,10049,100003,2025-01-19,SIP,62097.53,296.053,KA,Pending
880,10161,100028,2025-07-01,SIP,22011.6,207.854,GJ,Y
881,10063,100000,2025-03-28,REDEMPTION,81071.46,267.315,TS,Verified
882,10115,100022,2025-02-17,REDEMPTION,14094.27,119.64,WB,Failed
883,10139,100001,2025-01-29,SIP,70395.33,225.411,TS,Y
884,,100031,2025-01-19,LUMPSUM,4012.13,366.311,KA,N
885,10081,100004,2025-08-03,LUMPSUM,61814.82,93.535,TS,Y
886,10152,100024,2025-02-28,LUMPSUM,62878.08,0.893,GJ,Y
887,10117,100024,2025-07-02,LUMPSUM,40608.53,475.421,DL,Y
888,10079,100013,2025-02-25,REDEMPTION,91289.21,208.516,TN,Y
889,10154,100023,2025-07-01,LUMPSUM,12614.41,50.039,TS,Pending
890,10194,100003,2025-02-19,LUMPSUM,35428.71,346.847,MH,Verified
891,10111,100006,2025-03-18,LUMPSUM,81132.86,284.833,MH,Verified
892,10127,100030,2025-03-24,SIP,40456.33,85.253,KA,Y
893,10106,100016,2025-06-01,REDEMPTION,36631.43,146.809,TN,Y
894,10184,100033,2025-03-15,SIP,55152.43,382.69,MH,Pending
895,10155,100020,2025-10-02,SIP,45846.7,261.334,MH,Verified
896,10111,100038,2025-02-22,SIP,96818.1,254.141,TN,Y
897,10169,100019,2025-02-22,LUMPSUM,73842.59,281.931,KA,Verified
898,10095,100003,2025-02-02,SIP,13324.18,499.466,DL,N
899,10136,100002,2025-02-02,REDEMPTION,34896.09,331.514,TN,N
901,10137,100017,2025-01-29,REDEMPTION,56152.58,488.059,KA,Verified
902,10002,100027,2025-01-28,REDEMPTION,50678.59,457.514,GJ,N
903,10050,100037,2025-02-15,LUMPSUM,72896.48,394.552,GJ,Verified
904,10100,100017,2025-01-26,LUMPSUM,67497.15,442.533,TS,Y
905,10098,100008,2025-08-02,REDEMPTION,34868.82,13.136,KA,Failed
906,10107,100016,2025-09-02,SIP,78514.64,495.159,TN,Verified
907,10019,100030,2025-03-02,SIP,25852.85,251.593,TN,N
908,10062,100027,2025-09-01,LUMPSUM,998.07,455.488,KA,N
909,10174,100038,2025-03-03,LUMPSUM,58024.18,458.25,GJ,Verified
910,,100004,2025-09-02,REDEMPTION,88359.0,98.672,MH,Y
911,10019,100004,2025-03-20,REDEMPTION,61525.87,10.351,KA,Y
912,10095,100004,2025-01-03,REDEMPTION,2483.03,456.814,WB,Pending
913,10120,100010,2025-03-21,REDEMPTION,14967.89,318.032,TS,N
915,10035,100015,2025-01-29,REDEMPTION,83628.81,240.218,MH,Verified
916,10070,100018,2025-02-18,LUMPSUM,48462.28,261.598,WB,Verified
917,10083,100019,2025-03-25,LUMPSUM,77704.31,355.272,TS,N
918,10178,100011,2025-01-17,SIP,1854.34,68.278,TS,Failed
919,10174,100038,2025-03-24,LUMPSUM,26197.74,420.992,TS,Failed
920,10074,100020,2025-01-13,LUMPSUM,10211.84,417.524,GJ,Pending
921,10029,100004,2025-02-19,LUMPSUM,80311.68,236.553,WB,Pending
922,10022,100030,2025-02-26,LUMPSUM,52380.67,475.977,GJ,N
923,10073,100032,2025-02-24,REDEMPTION,93029.03,391.247,TS,Failed
924,10067,100007,2025-02-24,SIP,67885.91,341.477,WB,Y
925,10141,100012,2025-07-03,LUMPSUM,89484.08,261.743,KA,Pending
926,10073,100022,2025-02-16,LUMPSUM,93575.97,294.707,DL,N
927,10141,100033,2025-02-17,LUMPSUM,7947.72,106.038,GJ,Verified
928,10028,100027,2025-08-03,REDEMPTION,12298.41,116.617,WB,N
929,,100015,2025-11-01,SIP,55272.47,429.092,KA,N
930,10023,100016,2025-03-20,REDEMPTION,84792.15,400.554,KA,Y
931,10149,100033,2025-01-15,SIP,72210.44,18.865,KA,Failed
932,10126,100005,2025-02-13,LUMPSUM,7450.92,490.865,TN,Failed
933,10095,100011,2025-01-01,SIP,31040.98,189.943,GJ,Pending
934,10112,100022,2025-01-30,LUMPSUM,92726.01,218.452,WB,Verified
935,10069,100027,2025-12-01,LUMPSUM,62103.83,218.97,DL,Failed
936,10123,100023,2025-01-27,SIP,7023.67,156.093,TS,Verified
937,10161,100026,2025-03-20,SIP,72680.51,224.624,KA,Pending
938,10167,100005,2025-02-28,REDEMPTION,81649.2,162.986,WB,Pending
939,10032,100023,2025-01-01,SIP,62974.73,83.786,MH,Verified
940,10106,100031,2025-01-25,SIP,26804.85,89.472,GJ,Y
941,10009,100028,2025-01-22,SIP,96793.93,37.126,WB,Y
942,10024,100003,2025-06-01,LUMPSUM,61873.55,491.979,KA,N
943,10023,100010,2025-01-20,SIP,58217.94,4.941,DL,Verified
944,10103,100007,2025-03-14,SIP,75099.91,63.822,TS,Pending
945,10123,100004,2025-02-03,LUMPSUM,17636.61,162.662,MH,Y
946,10194,100003,2025-03-21,SIP,44198.28,58.355,MH,Verified
947,10005,100024,2025-03-26,SIP,91560.17,89.967,DL,N
948,10036,100001,2025-06-03,SIP,80829.2,98.134,MH,Pending
949,10149,100017,2025-09-01,SIP,74111.95,163.215,MH,Failed
950,10198,100035,2025-02-16,SIP,28499.94,351.864,TN,Pending
951,10017,100007,2025-05-03,REDEMPTION,34427.39,431.662,DL,Verified
952,10055,100007,2025-03-24,REDEMPTION,3342.76,426.677,GJ,Y
953,10095,100022,2025-10-02,LUMPSUM,3461.95,319.134,WB,Pending
954,10023,100015,2025-02-21,SIP,94863.53,212.169,TN,Failed
955,10081,100028,2025-03-22,LUMPSUM,58819.59,221.918,TN,Verified
956,10126,100021,2025-09-01,SIP,63280.84,93.253,KA,N
957,10182,100012,2025-03-03,REDEMPTION,68689.36,202.236,GJ,Failed
959,10134,100006,2025-09-02,LUMPSUM,23882.52,281.518,TS,Failed
960,10100,100025,2025-03-31,SIP,24227.78,2.474,DL,Y
961,10113,100020,2025-03-19,REDEMPTION,60484.57,394.027,WB,Failed
962,10010,100026,2025-01-29,SIP,67129.63,86.787,TS,Verified
963,10144,100032,2025-03-22,LUMPSUM,63783.31,136.585,KA,N
964,10131,100005,2025-01-03,SIP,29996.45,159.679,WB,N
965,10071,100019,2025-01-25,REDEMPTION,87612.68,361.195,TS,Failed
966,10135,100024,2025-03-19,SIP,11264.29,450.625,TS,N
967,10188,100027,2025-03-24,REDEMPTION,24308.27,473.81,WB,N
968,10146,100010,2025-11-02,SIP,67572.23,392.069,GJ,Verified
969,10022,100010,2025-10-01,LUMPSUM,88375.12,243.877,TS,Pending
970,10169,100017,2025-02-19,REDEMPTION,81691.74,350.385,WB,Failed
971,10014,100033,2025-03-03,SIP,4330.29,492.469,WB,Verified
972,10176,100005,2025-06-02,SIP,50976.69,268.675,KA,Pending
973,10019,100025,2025-03-27,LUMPSUM,41760.41,151.93,MH,Pending
974,10108,100035,2025-03-20,SIP,52073.91,359.151,KA,Verified
975,10125,100017,2025-01-25,REDEMPTION,38820.29,310.302,TS,Verified
976,10018,100026,2025-03-22,LUMPSUM,9300.89,393.63,KA,Y
977,10005,100025,2025-02-18,LUMPSUM,91638.99,433.617,KA,Y
978,10004,100013,2025-01-03,REDEMPTION,43628.88,121.319,MH,Verified
979,10097,100011,2025-02-15,SIP,67980.88,18.416,KA,Pending
980,10124,100000,2025-02-17,REDEMPTION,72913.99,368.261,KA,Pending
981,10192,100031,2025-01-23,LUMPSUM,74358.06,119.998,TN,Pending
982,10131,100018,2025-03-16,LUMPSUM,31583.18,405.982,TS,N
983,10128,100033,2025-01-13,SIP,11566.13,119.497,KA,Verified
984,10103,100017,2025-02-21,REDEMPTION,96721.36,42.925,KA,Failed
985,10132,100038,2025-05-03,REDEMPTION,39723.95,265.58,KA,Y
986,10134,100019,2025-08-03,REDEMPTION,5374.93,313.589,DL,Y
987,10054,100033,2025-01-30,REDEMPTION,13325.33,332.197,KA,N
988,,100004,2025-03-21,REDEMPTION,37137.5,203.91,TN,N
989,10006,100037,2025-02-27,REDEMPTION,52141.52,98.473,TN,Failed
990,10161,100022,2025-01-27,LUMPSUM,38719.32,489.64,KA,Y
991,10030,100035,2025-02-18,SIP,44164.18,473.095,KA,N
992,10042,100037,2025-05-03,REDEMPTION,936.86,214.516,DL,Failed
993,,100000,2025-08-03,LUMPSUM,59260.53,284.497,DL,Pending
994,10054,100039,2025-06-01,SIP,75050.4,209.485,TN,Y
995,10080,100015,2025-02-26,LUMPSUM,42076.52,257.647,TS,N
996,10070,100012,2025-03-29,REDEMPTION,74964.76,421.051,MH,Pending
997,10190,100028,2025-07-03,REDEMPTION,12242.15,47.688,WB,N
998,10059,100005,2025-11-02,REDEMPTION,91370.35,175.854,DL,Pending
999,10116,100027,2025-01-22,LUMPSUM,26613.29,190.626,WB,N
1000,10161,100015,2025-01-13,LUMPSUM,88891.17,101.193,KA,Pending
1001,10131,100010,2025-08-03,REDEMPTION,31501.58,284.259,KA,Y
1002,10108,100017,2025-01-14,REDEMPTION,25010.54,27.472,TS,Pending
1003,10006,100023,2025-08-02,REDEMPTION,82561.31,220.743,MH,Pending
1004,10094,100028,2025-01-18,REDEMPTION,13606.29,245.128,MH,Y
1005,10141,100003,2025-02-22,REDEMPTION,45137.14,171.422,KA,N
1006,,100013,2025-03-16,LUMPSUM,8901.33,346.436,TN,Verified
1007,10182,100017,2025-02-16,REDEMPTION,72831.31,393.92,KA,Failed
1008,10049,100003,2025-08-01,REDEMPTION,88142.15,287.234,DL,Y
1009,10062,100024,2025-07-03,SIP,42461.69,323.074,TN,N
1010,10147,100027,2025-06-02,REDEMPTION,87706.42,66.888,GJ,Failed
1011,10002,100022,2025-01-02,SIP,22701.3,79.016,WB,Pending
1012,10014,100039,2025-11-03,REDEMPTION,82975.19,168.258,WB,Failed
1013,10043,100004,2025-08-03,REDEMPTION,77429.08,350.413,MH,N
1014,10065,100033,2025-03-16,SIP,56209.94,189.116,MH,Failed
1015,10180,100019,2025-04-02,SIP,27346.09,353.204,MH,Pending
1016,10165,100016,2025-09-02,SIP,27725.53,499.089,KA,Y
1017,10058,100005,2025-04-03,REDEMPTION,82773.17,409.049,WB,Y
1018,10042,100035,2025-03-24,REDEMPTION,99358.81,121.004,GJ,N
1019,10141,100015,2025-01-20,REDEMPTION,94000.18,354.543,KA,Failed
1020,10160,100019,2025-01-24,LUMPSUM,79162.35,182.598,TN,Failed
1021,10051,100013,2025-03-30,LUMPSUM,5966.68,427.395,MH,Verified
1022,10012,100002,2025-02-02,REDEMPTION,92650.8,270.792,MH,Pending
1023,10124,100037,2025-01-29,REDEMPTION,97806.03,395.208,TN,Failed
1024,10065,100018,2025-12-02,SIP,51716.97,156.609,MH,Y
1025,10077,100038,2025-12-02,REDEMPTION,18897.03,242.273,KA,N
1026,10177,100025,2025-11-03,REDEMPTION,21735.9,341.95,KA,Verified
1027,10183,100037,2025-03-25,REDEMPTION,89607.75,9.469,KA,Failed
1028,,100009,2025-08-03,REDEMPTION,56612.49,85.692,GJ,Pending
1029,,100012,2025-03-31,LUMPSUM,30037.19,233.09,TS,Verified
1030,10086,100038,2025-03-22,SIP,47041.35,98.868,WB,N
1031,10029,100012,2025-03-18,REDEMPTION,64205.24,132.82,KA,N
1032,10132,100038,2025-01-28,SIP,46210.27,430.956,GJ,N
1033,10018,100015,2025-03-24,LUMPSUM,95872.32,179.905,GJ,Verified
1034,10008,100003,2025-02-18,SIP,85240.96,98.572,KA,Y
1035,10029,100032,2025-03-20,SIP,764.12,189.236,TN,Y
1036,10174,100004,2025-08-03,LUMPSUM,28160.43,462.09,WB,N
1037,10070,100031,2025-03-31,LUMPSUM,16449.46,167.908,DL,Pending
1038,10024,100005,2025-01-24,SIP,32841.46,193.582,KA,Pending
1039,10032,100023,2025-10-02,LUMPSUM,46911.92,480.147,WB,Y
1040,10079,100008,2025-10-01,REDEMPTION,29575.13,496.525,KA,N
1041,10042,100034,2025-01-02,SIP,51523.15,350.631,TN,Failed
1042,10117,100001,2025-09-03,LUMPSUM,71241.23,356.243,TN,Pending
1043,10075,100012,2025-03-22,LUMPSUM,11639.81,139.502,DL,Failed
1044,10062,100023,2025-02-02,REDEMPTION,75163.09,53.565,KA,Verified
1045,10036,100005,2025-03-22,REDEMPTION,56027.57,121.689,DL,Y
1046,10024,100014,2025-11-03,REDEMPTION,63986.54,465.374,TS,N
1047,10153,100023,2025-01-17,LUMPSUM,55062.26,185.16,DL,Verified
1048,10068,100015,2025-12-02,LUMPSUM,83119.04,337.326,KA,N
1049,10093,100010,2025-07-03,REDEMPTION,8885.9,11.292,DL,Y
1050,10192,100039,2025-09-02,SIP,74474.49,372.727,WB,N
1051,10102,100023,2025-06-01,LUMPSUM,99814.7,209.507,TN,Pending
1052,10020,100032,2025-02-22,SIP,57627.93,327.494,TN,Pending
1053,10005,100007,2025-10-03,REDEMPTION,75882.23,98.935,KA,Verified
1054,10024,100000,2025-06-02,REDEMPTION,92823.93,72.422,DL,Failed
1055,10199,100001,2025-02-26,SIP,4452.96,101.814,KA,N
1056,10076,100015,2025-07-03,SIP,21474.45,297.637,KA,N
1057,,100023,2025-03-19,LUMPSUM,20801.43,128.922,TS,Y
1058,10096,100023,2025-12-01,REDEMPTION,62749.05,462.359,WB,Failed
1059,10025,100039,2025-04-02,LUMPSUM,56960.5,257.341,GJ,Verified
1060,10189,100004,2025-03-14,REDEMPTION,50473.76,32.97,KA,Pending
1061,10064,100025,2025-03-25,SIP,62637.96,122.464,TS,Y
1062,10068,100005,2025-09-01,LUMPSUM,42473.24,25.605,WB,Verified
1063,10045,100016,2025-01-13,REDEMPTION,58625.25,78.541,KA,Verified
1064,10080,100011,2025-03-25,SIP,92814.59,487.324,MH,Pending
1065,10198,100001,2025-04-02,SIP,65337.6,435.287,MH,Verified
1066,10108,100013,2025-02-22,REDEMPTION,65788.15,238.894,MH,Y
1067,10134,100007,2025-01-14,LUMPSUM,96383.28,263.812,TN,Verified
1068,10013,100030,2025-02-16,LUMPSUM,71934.97,253.965,KA,Pending
1069,10167,100035,2025-03-29,LUMPSUM,34402.81,281.998,KA,Pending
1070,10055,100039,2025-03-13,SIP,22150.27,336.042,GJ,Failed
1071,10011,100002,2025-03-23,SIP,51618.81,61.207,DL,Failed
1072,10163,100017,2025-12-03,SIP,48025.4,375.132,WB,N
1073,10175,100002,2025-01-18,LUMPSUM,4113.59,220.845,TS,N
1074,10157,100030,2025-01-26,LUMPSUM,44358.26,468.353,TS,Verified
1075,10042,100032,2025-01-13,LUMPSUM,76872.77,272.856,WB,Verified
1076,10126,100005,2025-05-03,REDEMPTION,70025.48,329.603,TS,Failed
1077,10071,100018,2025-01-13,REDEMPTION,47196.78,2.902,GJ,Pending
1078,10038,100024,2025-01-28,LUMPSUM,42808.06,260.155,KA,Y
1079,10022,100037,2025-03-23,SIP,30558.67,181.176,TS,N
1080,10052,100007,2025-11-01,SIP,38281.18,433.243,DL,Pending
1081,10015,100037,2025-02-28,SIP,48497.57,360.422,MH,Pending
1082,10056,100036,2025-08-03,REDEMPTION,62806.48,114.089,DL,Y
1083,10050,100031,2025-03-27,REDEMPTION,95317.08,152.16,KA,Pending
1084,10070,100011,2025-01-27,LUMPSUM,67066.77,427.016,KA,Y
1085,10192,100000,2025-03-24,SIP,62775.63,185.382,TN,Verified
1086,10011,100004,2025-11-03,LUMPSUM,10985.9,63.403,GJ,Y
1087,10111,100020,2025-01-19,SIP,50308.45,175.28,KA,Failed
1088,10159,100000,2025-04-03,REDEMPTION,16576.97,202.827,DL,Failed
1089,10144,100002,2025-10-01,REDEMPTION,79005.38,472.799,MH,Failed
1090,,100027,2025-10-03,LUMPSUM,20945.8,432.172,DL,N
1091,10003,100003,2025-06-02,REDEMPTION,21035.46,476.288,KA,Pending
1092,10161,100017,2025-03-19,SIP,58923.23,213.542,TS,Y
1093,10188,100036,2025-07-01,SIP,39263.46,280.014,WB,Verified
1094,10008,100008,2025-01-19,LUMPSUM,98195.59,183.556,KA,N
1095,10175,100022,2025-01-16,LUMPSUM,73679.78,136.321,GJ,N
1096,10173,100000,2025-03-21,SIP,36401.65,177.747,TS,Failed
1097,10052,100029,2025-11-01,LUMPSUM,3473.16,105.87,DL,N
1098,10040,100008,2025-02-16,LUMPSUM,20695.03,310.509,WB,Pending
1099,10043,100023,2025-03-22,LUMPSUM,3070.07,9.988,TS,Verified
1100,10141,100035,2025-09-02,SIP,22533.18,430.64,MH,Y
1101,10082,100010,2025-01-18,REDEMPTION,54506.47,365.649,TN,N
1102,10062,100009,2025-10-02,LUMPSUM,37953.59,206.7,MH,Verified
1103,10119,100039,2025-03-30,LUMPSUM,80682.38,440.813,MH,Verified
1104,10100,100023,2025-02-20,SIP,88906.44,153.238,TS,Failed
1105,10130,100026,2025-02-23,SIP,55632.11,416.149,TS,Failed
1106,10128,100029,2025-01-13,SIP,15932.92,278.796,MH,Y
1107,,100024,2025-01-29,LUMPSUM,16768.02,152.014,KA,Failed
1108,10076,100020,2025-04-01,SIP,67684.73,449.661,TN,Y
1109,10128,100039,2025-05-02,LUMPSUM,94997.48,200.34,TN,N
1110,10124,100037,2025-10-02,REDEMPTION,98535.77,184.601,KA,N
1111,10139,100031,2025-01-14,SIP,12287.97,78.284,DL,Failed
1112,10059,100038,2025-10-02,SIP,8267.64,444.98,MH,N
1113,10178,100002,2025-03-30,LUMPSUM,41485.88,466.218,TN,Y
1114,10163,100019,2025-03-18,REDEMPTION,91578.84,22.63,GJ,Pending
1115,10076,100002,2025-11-01,SIP,13430.95,281.713,WB,Failed
1116,10170,100032,2025-11-01,REDEMPTION,27002.16,384.938,GJ,Failed
1117,10157,100020,2025-03-17,LUMPSUM,61265.01,262.162,KA,Pending
1118,10022,100010,2025-03-24,SIP,38923.12,6.59,GJ,Y
1119,10182,100030,2025-02-20,LUMPSUM,70930.69,28.658,DL,Pending
1120,10170,100031,2025-04-01,REDEMPTION,32952.25,404.793,MH,Pending
1121,,100015,2025-02-17,LUMPSUM,33742.92,193.943,TS,Failed
1122,10127,100011,2025-08-03,LUMPSUM,31067.09,21.171,WB,N
1123,10180,100003,2025-02-22,REDEMPTION,9535.58,264.365,KA,Verified
1124,10074,100018,2025-02-21,LUMPSUM,54977.84,346.944,TS,Failed
1125,10135,100011,2025-02-18,SIP,65090.98,155.361,GJ,Pending
1127,10164,100003,2025-01-13,LUMPSUM,94647.76,285.177,WB,N
1128,10092,100036,2025-03-30,REDEMPTION,57829.06,195.91,MH,N
1129,10101,100031,2025-02-28,SIP,49296.41,465.852,TS,Y
1130,10184,100037,2025-02-20,REDEMPTION,90351.72,342.884,MH,Pending
1131,10116,100024,2025-02-01,SIP,16193.93,38.05,DL,Verified
1132,10170,100031,2025-01-01,SIP,43476.36,340.969,WB,Y
1133,10147,100009,2025-01-22,SIP,16315.33,262.101,WB,Failed
1134,10087,100011,2025-11-01,LUMPSUM,89254.15,498.167,DL,Y
1135,10123,100027,2025-01-24,LUMPSUM,4615.45,77.889,DL,Failed
1136,10011,100000,2025-07-01,LUMPSUM,72529.26,320.705,DL,Failed
1137,10181,100006,2025-07-01,REDEMPTION,46171.56,370.334,KA,N
1138,,100019,2025-02-01,REDEMPTION,81280.57,384.423,KA,N
1139,10023,100008,2025-03-15,SIP,16261.64,203.246,KA,Verified
1140,10098,100009,2025-03-03,REDEMPTION,36359.48,380.445,GJ,N
1141,10133,100009,2025-09-01,REDEMPTION,8900.64,297.333,MH,Y
1142,10080,100000,2025-01-01,SIP,79485.83,62.923,KA,Failed
1143,10186,100016,2025-06-03,LUMPSUM,55632.7,486.376,TN,Failed
1144,10120,100023,2025-12-03,REDEMPTION,82276.59,346.636,TS,Verified
1145,10122,100028,2025-03-22,REDEMPTION,33253.92,168.637,DL,Pending
1146,10055,100021,2025-07-03,REDEMPTION,78791.58,119.392,KA,Pending
1147,10069,100015,2025-11-03,SIP,42801.46,408.832,TS,N
1148,10144,100025,2025-01-22,REDEMPTION,84924.63,158.084,TN,Pending
1149,10040,100018,2025-09-02,REDEMPTION,85815.06,212.588,TS,N
1150,10189,100000,2025-10-02,REDEMPTION,931.33,346.37,TN,Pending
1151,10103,100005,2025-03-01,REDEMPTION,76064.19,53.579,DL,N
1152,10042,100004,2025-03-20,REDEMPTION,339.64,13.02,GJ,Pending
1153,10146,100033,2025-01-02,LUMPSUM,67692.31,351.814,GJ,Pending
1154,10070,100039,2025-07-03,REDEMPTION,52670.87,172.081,WB,Failed
1155,10038,100032,2025-01-16,SIP,28487.58,379.626,TN,Failed
1156,10125,100015,2025-02-02,LUMPSUM,31520.06,428.964,WB,N
1157,10041,100035,2025-03-20,LUMPSUM,44032.53,338.58,DL,Pending
1158,10017,100014,2025-01-13,REDEMPTION,54949.59,256.923,KA,Y
1159,10123,100021,2025-02-26,SIP,64486.34,419.411,TS,N
1160,10149,100013,2025-01-13,REDEMPTION,85438.65,291.265,KA,Verified
1161,10157,100022,2025-09-01,SIP,90793.83,84.464,TN,Pending
1162,10087,100007,2025-01-21,LUMPSUM,626.8,291.666,MH,Pending
1163,10191,100038,2025-04-02,LUMPSUM,64189.72,271.779,MH,Failed
1164,,100006,2025-02-26,LUMPSUM,75156.1,325.014,KA,N
1165,10053,100004,2025-07-03,LUMPSUM,88401.23,437.014,WB,Pending
1166,10069,100036,2025-01-22,REDEMPTION,931.11,279.423,KA,Y
1167,10197,100032,2025-02-25,SIP,30204.52,240.125,KA,Pending
1168,10172,100002,2025-03-17,SIP,15387.18,305.618,KA,N
1169,10171,100023,2025-01-24,LUMPSUM,26347.9,309.763,MH,Y
1170,10159,100011,2025-12-02,LUMPSUM,98464.2,243.482,GJ,Verified
1171,10119,100031,2025-02-21,LUMPSUM,78034.62,479.316,TN,N
1172,10127,100008,2025-03-23,SIP,22355.77,157.791,TN,Pending
1173,10114,100008,2025-01-21,SIP,84603.73,43.491,KA,N
1174,10118,100026,2025-01-27,LUMPSUM,73535.47,346.287,DL,Y
1175,10188,100010,2025-02-21,SIP,68150.82,57.875,DL,Pending
1176,10053,100035,2025-01-30,LUMPSUM,67844.29,209.797,KA,Verified
1177,10127,100003,2025-01-27,LUMPSUM,40650.39,322.615,KA,N
1178,10093,100004,2025-01-17,SIP,20047.02,363.99,KA,Failed
1179,10141,100017,2025-03-31,REDEMPTION,20821.7,225.403,KA,Y
1180,10140,100038,2025-03-21,SIP,79089.68,332.536,MH,Verified
1181,10018,100012,2025-12-02,SIP,41672.91,205.434,TS,Y
1182,10078,100017,2025-02-01,REDEMPTION,60319.51,164.888,TS,Verified
1183,10043,100028,2025-02-13,LUMPSUM,6615.82,351.547,KA,Verified
1184,10096,100005,2025-03-15,LUMPSUM,35946.44,440.909,MH,Failed
1185,10095,100006,2025-06-03,LUMPSUM,81655.44,380.409,WB,Failed
1186,10143,100016,2025-03-13,REDEMPTION,32653.99,147.499,KA,N
1187,10142,100023,2025-01-03,REDEMPTION,68177.23,312.524,GJ,Failed
1188,10173,100014,2025-01-30,LUMPSUM,80528.01,284.127,MH,Verified
1189,10174,100033,2025-03-20,LUMPSUM,66757.46,326.164,TN,N
1190,10112,100029,2025-03-18,SIP,27229.65,76.796,DL,Failed
1191,10048,100022,2025-01-02,LUMPSUM,40639.12,299.994,DL,Failed
1192,10179,100006,2025-03-28,REDEMPTION,68774.61,338.471,GJ,Verified
1193,10046,100013,2025-06-01,LUMPSUM,47700.92,21.738,TS,Verified
1194,10092,100030,2025-11-01,SIP,64743.47,263.458,KA,Failed
1195,10048,100030,2025-01-01,REDEMPTION,40429.37,202.256,GJ,Failed
1196,10077,100021,2025-03-13,SIP,63867.43,490.955,TS,Verified
1197,10004,100020,2025-01-03,LUMPSUM,36203.96,72.811,WB,Failed
1198,10109,100036,2025-02-16,SIP,95304.49,378.952,TN,Verified
1199,10099,100003,2025-03-13,LUMPSUM,26074.01,237.814,MH,Y
1200,10038,100024,2025-03-27,REDEMPTION,33527.73,225.828,KA,Y
