date,amfi_code,nav
2025-01-01,100000,56.2208
2025-01-02,100000,56.2208
2025-01-03,100000,55.8178
2025-01-04,100000,55.8178
2025-01-05,100000,55.8178
2025-01-06,100000,55.7989
2025-01-07,100000,56.2915
2025-01-08,100000,57.2618
2025-01-09,100000,57.8151
2025-01-10,100000,57.9738
2025-01-11,100000,58.2669
2025-01-12,100000,59.1785
2025-01-13,100000,58.5989
2025-01-14,100000,59.5484
2025-01-15,100000,58.7159
2025-01-16,100000,59.5672
2025-01-17,100000,60.2165
2025-01-18,100000,60.7042
2025-01-19,100000,60.6702
2025-01-20,100000,60.6702
2025-01-21,100000,61.0787
2025-01-22,100000,61.4865
2025-01-23,100000,62.2466
2025-01-24,100000,62.2683
2025-01-25,100000,61.4905
2025-01-26,100000,61.4905
2025-01-27,100000,61.2708
2025-01-28,100000,61.7019
2025-01-29,100000,61.8844
2025-01-30,100000,62.6289
2025-01-31,100000,63.4048
2025-02-01,100000,63.4048
2025-02-02,100000,63.5107
2025-02-03,100000,63.3666
2025-02-04,100000,62.7434
2025-02-05,100000,61.8967
2025-02-06,100000,61.0296
2025-02-07,100000,61.0296
2025-02-08,100000,61.3717
2025-02-09,100000,60.7816
2025-02-10,100000,59.9134
2025-02-11,100000,60.4846
2025-02-12,100000,61.351
2025-02-13,100000,62.335
2025-02-14,100000,63.0895
2025-02-15,100000,63.0895
2025-02-16,100000,63.2935
2025-02-17,100000,62.5186
2025-02-18,100000,61.8259
2025-02-19,100000,61.8632
2025-02-20,100000,61.8632
2025-02-21,100000,61.8632
2025-02-22,100000,62.6157
2025-02-23,100000,63.1687
2025-02-24,100000,63.3694
2025-02-25,100000,63.4242
2025-02-26,100000,64.1367
2025-02-27,100000,63.3478
2025-02-28,100000,63.3478
2025-03-01,100000,63.2096
2025-03-02,100000,62.5283
2025-03-03,100000,61.777
2025-03-04,100000,61.2032
2025-03-05,100000,61.2075
2025-03-06,100000,60.5369
2025-03-07,100000,59.6617
2025-03-08,100000,58.8944
2025-03-09,100000,59.4794
2025-03-10,100000,59.8135
2025-03-11,100000,59.9359
2025-03-12,100000,60.5994
2025-03-13,100000,61.5493
2025-03-14,100000,61.8347
2025-03-15,100000,61.2486
2025-03-16,100000,62.1885
2025-03-17,100000,62.1698
2025-03-18,100000,61.7257
2025-03-19,100000,62.3238
2025-03-20,100000,62.9941
2025-03-21,100000,63.7749
2025-03-22,100000,63.1868
2025-03-23,100000,63.1868
2025-03-24,100000,63.1637
2025-03-25,100000,63.3853
2025-03-26,100000,63.3853
2025-03-27,100000,63.8284
2025-03-28,100000,63.8284
2025-03-29,100000,64.6635
2025-03-30,100000,64.6635
2025-03-31,100000,64.8251
2025-01-01,100001,107.1306
2025-01-02,100001,107.4191
2025-01-03,100001,108.0539
2025-01-04,100001,107.2812
2025-01-05,100001,106.9333
2025-01-06,100001,107.3892
2025-01-07,100001,107.5128
2025-01-08,100001,108.1857
2025-01-09,100001,107.8912
2025-01-10,100001,107.8912
2025-01-11,100001,108.8241
2025-01-12,100001,108.3088
2025-01-13,100001,108.6963
2025-01-14,100001,108.502
2025-01-15,100001,107.6396
2025-01-16,100001,108.2718
2025-01-17,100001,109.2647
2025-01-18,100001,109.2647
2025-01-19,100001,109.2299
2025-01-20,100001,110.2069
2025-01-21,100001,109.8394
2025-01-22,100001,110.0738
2025-01-23,100001,109.4273
2025-01-24,100001,109.4273
2025-01-25,100001,109.7019
2025-01-26,100001,109.99
2025-01-27,100001,109.3705
2025-01-28,100001,110.1964
2025-01-29,100001,110.6383
2025-01-30,100001,110.0338
2025-01-31,100001,110.528
2025-02-01,100001,110.3139
2025-02-02,100001,110.1219
2025-02-03,100001,109.5141
2025-02-04,100001,108.6457
2025-02-05,100001,108.1631
2025-02-06,100001,108.1631
2025-02-07,100001,108.8852
2025-02-08,100001,108.5523
2025-02-09,100001,109.1379
2025-02-10,100001,109.6227
2025-02-11,100001,110.5946
2025-02-12,100001,110.8407
2025-02-13,100001,111.4668
2025-02-14,100001,111.5645
2025-02-15,100001,110.6612
2025-02-16,100001,110.5053
2025-02-17,100001,111.3413
2025-02-18,100001,111.6106
2025-02-19,100001,110.9306
2025-02-20,100001,111.4255
2025-02-21,100001,111.7419
2025-02-22,100001,111.0873
2025-02-23,100001,111.0873
2025-02-24,100001,110.9669
2025-02-25,100001,111.604
2025-02-26,100001,111.4944
2025-02-27,100001,111.4944
2025-02-28,100001,111.8748
2025-03-01,100001,112.1685
2025-03-02,100001,111.9739
2025-03-03,100001,112.8708
2025-03-04,100001,112.6707
2025-03-05,100001,111.7317
2025-03-06,100001,111.2784
2025-03-07,100001,110.2859
2025-03-08,100001,109.6142
2025-03-09,100001,109.6142
2025-03-10,100001,110.1103
2025-03-11,100001,110.1103
2025-03-12,100001,109.8939
2025-03-13,100001,109.0945
2025-03-14,100001,110.0663
2025-03-15,100001,109.0901
2025-03-16,100001,109.7056
2025-03-17,100001,110.1112
2025-03-18,100001,109.1209
2025-03-19,100001,109.6738
2025-03-20,100001,109.4176
2025-03-21,100001,109.4176
2025-03-22,100001,109.9549
2025-03-23,100001,109.9456
2025-03-24,100001,109.9456
2025-03-25,100001,109.3311
2025-03-26,100001,108.5493
2025-03-27,100001,108.2593
2025-03-28,100001,107.3224
2025-03-29,100001,107.2309
2025-03-30,100001,106.7294
2025-01-01,100002,12.8766
2025-01-02,100002,12.1691
2025-01-03,100002,11.9393
2025-01-04,100002,11.9393
2025-01-05,100002,12.1845
2025-01-06,100002,12.8875
2025-01-07,100002,12.1419
2025-01-08,100002,11.5537
2025-01-09,100002,10.6238
2025-01-10,100002,9.8572
2025-01-11,100002,10.4307
2025-01-12,100002,10.2393
2025-01-13,100002,10.2393
2025-01-14,100002,10.8954
2025-01-15,100002,10.1818
2025-01-16,100002,10.6564
2025-01-17,100002,10.6564
2025-01-18,100002,9.8098
2025-01-19,100002,9.8098
2025-01-20,100002,9.609
2025-01-21,100002,9.743
2025-01-22,100002,9.743
2025-01-23,100002,9.7351
2025-01-24,100002,10.2949
2025-01-25,100002,11.0566
2025-01-26,100002,10.8728
2025-01-27,100002,11.4432
2025-01-28,100002,11.4204
2025-01-29,100002,11.1981
2025-01-30,100002,11.3557
2025-01-31,100002,11.5497
2025-02-01,100002,12.187
2025-02-02,100002,12.6511
2025-02-03,100002,12.9866
2025-02-04,100002,12.5538
2025-02-05,100002,12.5474
2025-02-06,100002,12.1977
2025-02-07,100002,12.1977
2025-02-08,100002,12.8261
2025-02-09,100002,13.639
2025-02-10,100002,14.2858
2025-02-11,100002,14.3764
2025-02-12,100002,13.4506
2025-02-13,100002,14.1994
2025-02-14,100002,14.639
2025-02-15,100002,15.036
2025-02-16,100002,14.3925
2025-02-17,100002,14.0885
2025-02-18,100002,13.3578
2025-02-19,100002,13.5959
2025-02-20,100002,13.6617
2025-02-21,100002,13.2472
2025-02-22,100002,13.2429
2025-02-23,100002,12.9856
2025-02-24,100002,13.7676
2025-02-25,100002,12.891
2025-02-26,100002,13.2407
2025-02-27,100002,12.2412
2025-02-28,100002,12.2797
2025-03-01,100002,12.5249
2025-03-02,100002,12.7601
2025-03-03,100002,12.2398
2025-03-04,100002,12.9948
2025-03-05,100002,12.984
2025-03-06,100002,13.1259
2025-03-07,100002,13.1259
2025-03-08,100002,13.2644
2025-03-09,100002,12.3958
2025-03-10,100002,12.3958
2025-03-11,100002,12.9095
2025-03-12,100002,12.9307
2025-03-13,100002,12.0794
2025-03-14,100002,11.7359
2025-03-15,100002,12.2602
2025-03-16,100002,12.1812
2025-03-17,100002,12.5633
2025-03-18,100002,11.5906
2025-03-19,100002,12.5536
2025-03-20,100002,13.1129
2025-03-21,100002,13.5167
2025-03-22,100002,13.1477
2025-03-23,100002,13.1477
2025-03-24,100002,12.7758
2025-03-25,100002,11.971
2025-03-26,100002,11.971
2025-03-27,100002,11.0414
2025-03-28,100002,11.0414
2025-03-29,100002,10.4519
2025-03-30,100002,10.4577
2025-01-01,100003,72.8964
2025-01-02,100003,72.9851
2025-01-03,100003,72.5338
2025-01-04,100003,72.3401
2025-01-05,100003,72.7153
2025-01-06,100003,73.5055
2025-01-07,100003,74.342
2025-01-08,100003,73.7487
2025-01-09,100003,73.7487
2025-01-10,100003,73.7487
2025-01-11,100003,74.3756
2025-01-12,100003,75.1804
2025-01-13,100003,75.391
2025-01-14,100003,75.6658
2025-01-15,100003,74.8288
2025-01-16,100003,74.8288
2025-01-17,100003,75.4423
2025-01-18,100003,75.1906
2025-01-19,100003,75.1906
2025-01-20,100003,75.2282
2025-01-21,100003,74.7227
2025-01-22,100003,73.7953
2025-01-23,100003,74.2204
2025-01-24,100003,74.9721
2025-01-25,100003,75.9452
2025-01-26,100003,75.9452
2025-01-27,100003,76.6286
2025-01-28,100003,76.5935
2025-01-29,100003,76.5935
2025-01-30,100003,76.3532
2025-01-31,100003,76.3532
2025-02-01,100003,76.8239
2025-02-02,100003,77.3542
2025-02-03,100003,76.6638
2025-02-04,100003,76.5234
2025-02-05,100003,76.5234
2025-02-06,100003,76.5234
2025-02-07,100003,76.1554
2025-02-08,100003,75.7282
2025-02-09,100003,76.5748
2025-02-10,100003,76.5748
2025-02-11,100003,76.27
2025-02-12,100003,76.3618
2025-02-13,100003,76.662
2025-02-14,100003,76.5901
2025-02-15,100003,76.5901
2025-02-16,100003,76.935
2025-02-17,100003,76.2595
2025-02-18,100003,75.566
2025-02-19,100003,75.7817
2025-02-20,100003,75.0978
2025-02-21,100003,74.6249
2025-02-22,100003,74.6249
2025-02-23,100003,75.2583
2025-02-24,100003,75.2583
2025-02-25,100003,74.321
2025-02-26,100003,75.1416
2025-02-27,100003,74.7592
2025-02-28,100003,75.6333
2025-03-01,100003,76.4159
2025-03-02,100003,76.3151
2025-03-03,100003,76.886
2025-03-04,100003,76.9569
2025-03-05,100003,77.6084
2025-03-06,100003,77.6084
2025-03-07,100003,78.476
2025-03-08,100003,78.8502
2025-03-09,100003,78.3397
2025-03-10,100003,77.9274
2025-03-11,100003,78.0707
2025-03-12,100003,78.3045
2025-03-13,100003,77.7867
2025-03-14,100003,77.5517
2025-03-15,100003,77.9882
2025-03-16,100003,78.1385
2025-03-17,100003,77.326
2025-03-18,100003,76.7909
2025-03-19,100003,75.9214
2025-03-20,100003,75.2538
2025-03-21,100003,74.5915
2025-03-22,100003,75.2074
2025-03-23,100003,75.2074
2025-03-24,100003,76.0351
2025-03-25,100003,76.5621
2025-03-26,100003,75.9437
2025-03-27,100003,75.0111
2025-03-28,100003,75.0102
2025-03-29,100003,74.7854
2025-03-30,100003,74.6239
2025-01-01,100004,72.6124
2025-01-02,100004,73.5965
2025-01-03,100004,72.9494
2025-01-04,100004,72.6213
2025-01-05,100004,73.6054
2025-01-06,100004,73.7434
2025-01-07,100004,73.1687
2025-01-08,100004,72.4391
2025-01-09,100004,73.3485
2025-01-10,100004,72.6311
2025-01-11,100004,72.2407
2025-01-12,100004,72.9348
2025-01-13,100004,73.8117
2025-01-14,100004,74.6601
2025-01-15,100004,75.0364
2025-01-16,100004,74.1948
2025-01-17,100004,74.1948
2025-01-18,100004,73.882
2025-01-19,100004,74.7047
2025-01-20,100004,74.4063
2025-01-21,100004,74.4063
2025-01-22,100004,73.4835
2025-01-23,100004,73.1483
2025-01-24,100004,72.6625
2025-01-25,100004,72.1509
2025-01-26,100004,72.1509
2025-01-27,100004,72.3132
2025-01-28,100004,71.5254
2025-01-29,100004,72.332
2025-01-30,100004,72.7131
2025-01-31,100004,72.5786
2025-02-01,100004,71.7909
2025-02-02,100004,71.3804
2025-02-03,100004,71.8189
2025-02-04,100004,72.5974
2025-02-05,100004,73.0431
2025-02-06,100004,72.0498
2025-02-07,100004,71.8923
2025-02-08,100004,72.6365
2025-02-09,100004,72.0008
2025-02-10,100004,71.0976
2025-02-11,100004,70.6391
2025-02-12,100004,70.8881
2025-02-13,100004,71.7267
2025-02-14,100004,72.4143
2025-02-15,100004,72.8786
2025-02-16,100004,72.8786
2025-02-17,100004,72.0623
2025-02-18,100004,72.5747
2025-02-19,100004,72.3783
2025-02-20,100004,72.7497
2025-02-21,100004,73.1973
2025-02-22,100004,73.7335
2025-02-23,100004,74.1102
2025-02-24,100004,74.8092
2025-02-25,100004,74.2129
2025-02-26,100004,75.0551
2025-02-27,100004,75.6117
2025-02-28,100004,76.056
2025-03-01,100004,75.9436
2025-03-02,100004,75.4259
2025-03-03,100004,75.6771
2025-03-04,100004,76.3007
2025-03-05,100004,75.8161
2025-03-06,100004,75.8161
2025-03-07,100004,75.1004
2025-03-08,100004,75.6793
2025-03-09,100004,75.8809
2025-03-10,100004,76.7825
2025-03-11,100004,76.595
2025-03-12,100004,76.595
2025-03-13,100004,76.1912
2025-03-14,100004,75.9939
2025-03-15,100004,75.5161
2025-03-16,100004,76.4205
2025-03-17,100004,77.0338
2025-03-18,100004,77.0338
2025-03-19,100004,77.2308
2025-03-20,100004,77.0937
2025-03-21,100004,77.4266
2025-03-22,100004,76.7857
2025-03-23,100004,77.2811
2025-03-24,100004,76.381
2025-03-25,100004,76.1177
2025-03-26,100004,75.2977
2025-03-27,100004,75.4303
2025-03-28,100004,75.7208
2025-03-29,100004,75.2601
2025-03-30,100004,74.6459
2025-03-31,100004,74.7134
2025-01-01,100005,116.0806
2025-01-02,100005,116.208
2025-01-03,100005,116.208
2025-01-04,100005,115.2187
2025-01-05,100005,115.3208
2025-01-06,100005,114.9721
2025-01-07,100005,115.16
2025-01-08,100005,114.243
2025-01-09,100005,114.1757
2025-01-10,100005,113.3516
2025-01-11,100005,113.3516
2025-01-12,100005,113.8099
2025-01-13,100005,114.0009
2025-01-14,100005,114.0051
2025-01-15,100005,113.4861
2025-01-16,100005,112.4911
2025-01-17,100005,112.0495
2025-01-18,100005,112.822
2025-01-19,100005,112.0521
2025-01-20,100005,112.2581
2025-01-21,100005,112.4935
2025-01-22,100005,112.8828
2025-01-23,100005,112.9596
2025-01-24,100005,113.1564
2025-01-25,100005,112.7505
2025-01-26,100005,111.9731
2025-01-27,100005,111.624
2025-01-28,100005,112.4534
2025-01-29,100005,112.7781
2025-01-30,100005,112.0896
2025-01-31,100005,112.4159
2025-02-01,100005,112.1937
2025-02-02,100005,112.7272
2025-02-03,100005,112.0511
2025-02-04,100005,112.0511
2025-02-05,100005,112.0511
2025-02-06,100005,112.0511
2025-02-07,100005,112.4732
2025-02-08,100005,113.3821
2025-02-09,100005,113.9376
2025-02-10,100005,113.9376
2025-02-11,100005,113.9376
2025-02-12,100005,114.768
2025-02-13,100005,114.768
2025-02-14,100005,114.768
2025-02-15,100005,115.2585
2025-02-16,100005,116.2338
2025-02-17,100005,116.5335
2025-02-18,100005,117.2355
2025-02-19,100005,117.2355
2025-02-20,100005,117.3981
2025-02-21,100005,117.3981
2025-02-22,100005,117.3981
2025-02-23,100005,116.872
2025-02-24,100005,116.7175
2025-02-25,100005,117.3243
2025-02-26,100005,117.3243
2025-02-27,100005,117.3243
2025-02-28,100005,117.3459
2025-03-01,100005,117.3632
2025-03-02,100005,117.5857
2025-03-03,100005,118.2334
2025-03-04,100005,118.5888
2025-03-05,100005,119.0222
2025-03-06,100005,119.5939
2025-03-07,100005,118.7697
2025-03-08,100005,119.0868
2025-03-09,100005,119.5883
2025-03-10,100005,118.8743
2025-03-11,100005,119.012
2025-03-12,100005,119.0335
2025-03-13,100005,119.0335
2025-03-14,100005,119.8545
2025-03-15,100005,119.7415
2025-03-16,100005,119.8419
2025-03-17,100005,119.8419
2025-03-18,100005,120.3562
2025-03-19,100005,121.1399
2025-03-20,100005,120.9581
2025-03-21,100005,121.5284
2025-03-22,100005,122.022
2025-03-23,100005,121.7915
2025-03-24,100005,121.575
2025-03-25,100005,121.0313
2025-03-26,100005,121.2502
2025-03-27,100005,121.9624
2025-03-28,100005,121.4057
2025-03-29,100005,121.2954
2025-03-30,100005,120.9107
2025-03-31,100005,121.4037
2025-01-01,100006,100.2668
2025-01-02,100006,100.2668
2025-01-03,100006,99.4479
2025-01-04,100006,98.5072
2025-01-05,100006,97.9188
2025-01-06,100006,98.241
2025-01-07,100006,98.067
2025-01-08,100006,97.7441
2025-01-09,100006,97.7441
2025-01-10,100006,96.871
2025-01-11,100006,96.871
2025-01-12,100006,96.8163
2025-01-13,100006,97.6269
2025-01-14,100006,97.6269
2025-01-15,100006,96.6822
2025-01-16,100006,96.6822
2025-01-17,100006,97.2908
2025-01-18,100006,97.8212
2025-01-19,100006,97.7348
2025-01-20,100006,97.7348
2025-01-21,100006,98.0737
2025-01-22,100006,99.0672
2025-01-23,100006,99.0843
2025-01-24,100006,98.9885
2025-01-25,100006,98.9885
2025-01-26,100006,99.5092
2025-01-27,100006,100.2381
2025-01-28,100006,99.4326
2025-01-29,100006,99.5317
2025-01-30,100006,100.4492
2025-01-31,100006,101.02
2025-02-01,100006,100.3687
2025-02-02,100006,101.1327
2025-02-03,100006,101.4804
2025-02-04,100006,100.6695
2025-02-05,100006,99.9706
2025-02-06,100006,100.7961
2025-02-07,100006,100.9813
2025-02-08,100006,100.2049
2025-02-09,100006,100.7792
2025-02-10,100006,101.3691
2025-02-11,100006,102.019
2025-02-12,100006,102.4984
2025-02-13,100006,101.9105
2025-02-14,100006,101.9105
2025-02-15,100006,101.2671
2025-02-16,100006,100.4487
2025-02-17,100006,99.68
2025-02-18,100006,100.5549
2025-02-19,100006,100.8527
2025-02-20,100006,100.3646
2025-02-21,100006,100.792
2025-02-22,100006,100.9715
2025-02-23,100006,101.7878
2025-02-24,100006,101.7878
2025-02-25,100006,101.7878
2025-02-26,100006,101.2321
2025-02-27,100006,100.3576
2025-02-28,100006,99.5415
2025-03-01,100006,100.346
2025-03-02,100006,99.3971
2025-03-03,100006,98.4917
2025-03-04,100006,99.4051
2025-03-05,100006,99.6971
2025-03-06,100006,99.7999
2025-03-07,100006,100.67
2025-03-08,100006,100.3178
2025-03-09,100006,99.6509
2025-03-10,100006,99.3781
2025-03-11,100006,98.9001
2025-03-12,100006,98.3371
2025-03-13,100006,98.5615
2025-03-14,100006,98.119
2025-03-15,100006,98.0025
2025-03-16,100006,98.0025
2025-03-17,100006,97.7861
2025-03-18,100006,97.7861
2025-03-19,100006,98.0305
2025-03-20,100006,98.0305
2025-03-21,100006,98.5796
2025-03-22,100006,98.3296
2025-03-23,100006,99.0647
2025-03-24,100006,99.1992
2025-03-25,100006,98.4209
2025-03-26,100006,98.7302
2025-03-27,100006,98.9193
2025-03-28,100006,98.7137
2025-03-29,100006,98.7137
2025-03-30,100006,99.2949
2025-03-31,100006,99.2857
2025-01-01,100007,57.3885
2025-01-02,100007,56.4111
2025-01-03,100007,56.4111
2025-01-04,100007,56.9609
2025-01-05,100007,57.2485
2025-01-06,100007,56.9803
2025-01-07,100007,56.9803
2025-01-08,100007,56.0292
2025-01-09,100007,56.5398
2025-01-10,100007,56.2355
2025-01-11,100007,56.388
2025-01-12,100007,56.2847
2025-01-13,100007,56.224
2025-01-14,100007,56.867
2025-01-15,100007,57.3827
2025-01-16,100007,57.0573
2025-01-17,100007,56.1071
2025-01-18,100007,56.1071
2025-01-19,100007,56.0996
2025-01-20,100007,56.9437
2025-01-21,100007,56.6476
2025-01-22,100007,57.3124
2025-01-23,100007,57.9008
2025-01-24,100007,57.9008
2025-01-25,100007,57.0109
2025-01-26,100007,57.1739
2025-01-27,100007,57.7619
2025-01-28,100007,58.0528
2025-01-29,100007,58.4942
2025-01-30,100007,58.1021
2025-01-31,100007,58.5172
2025-02-01,100007,59.2943
2025-02-02,100007,58.6803
2025-02-03,100007,58.7826
2025-02-04,100007,58.7826
2025-02-05,100007,58.8168
2025-02-06,100007,58.8168
2025-02-07,100007,57.882
2025-02-08,100007,58.1024
2025-02-09,100007,58.1024
2025-02-10,100007,57.9505
2025-02-11,100007,57.716
2025-02-12,100007,57.6098
2025-02-13,100007,57.6098
2025-02-14,100007,58.458
2025-02-15,100007,59.1072
2025-02-16,100007,58.9818
2025-02-17,100007,58.5905
2025-02-18,100007,58.393
2025-02-19,100007,58.3601
2025-02-20,100007,57.3886
2025-02-21,100007,57.6285
2025-02-22,100007,58.2568
2025-02-23,100007,59.2493
2025-02-24,100007,59.1875
2025-02-25,100007,59.8661
2025-02-26,100007,59.9559
2025-02-27,100007,60.1228
2025-02-28,100007,60.1228
2025-03-01,100007,59.2347
2025-03-02,100007,59.9976
2025-03-03,100007,59.9976
2025-03-04,100007,60.6756
2025-03-05,100007,60.1982
2025-03-06,100007,60.3764
2025-03-07,100007,60.2044
2025-03-08,100007,60.2044
2025-03-09,100007,59.3365
2025-03-10,100007,58.9542
2025-03-11,100007,59.5798
2025-03-12,100007,60.3604
2025-03-13,100007,60.633
2025-03-14,100007,61.0572
2025-03-15,100007,61.15
2025-03-16,100007,60.5557
2025-03-17,100007,60.1529
2025-03-18,100007,59.4677
2025-03-19,100007,59.6764
2025-03-20,100007,60.6708
2025-03-21,100007,60.6708
2025-03-22,100007,60.7675
2025-03-23,100007,60.7675
2025-03-24,100007,61.6498
2025-03-25,100007,62.0573
2025-03-26,100007,62.3518
2025-03-27,100007,62.3055
2025-03-28,100007,61.5576
2025-03-29,100007,62.0901
2025-03-30,100007,62.0901
2025-03-31,100007,61.9291
2025-01-01,100008,143.6613
2025-01-02,100008,144.2444
2025-01-03,100008,144.2444
2025-01-04,100008,145.1938
2025-01-05,100008,144.5773
2025-01-06,100008,144.0819
2025-01-07,100008,144.0819
2025-01-08,100008,144.0819
2025-01-09,100008,144.8665
2025-01-10,100008,145.3539
2025-01-11,100008,145.8041
2025-01-12,100008,145.8404
2025-01-13,100008,146.0865
2025-01-14,100008,145.2964
2025-01-15,100008,144.343
2025-01-16,100008,143.4025
2025-01-17,100008,143.4025
2025-01-18,100008,144.0078
2025-01-19,100008,144.4522
2025-01-20,100008,145.3719
2025-01-21,100008,145.8293
2025-01-22,100008,146.1205
2025-01-23,100008,146.5027
2025-01-24,100008,145.9879
2025-01-25,100008,145.6474
2025-01-26,100008,145.0175
2025-01-27,100008,144.3337
2025-01-28,100008,145.1348
2025-01-29,100008,144.8889
2025-01-30,100008,144.0952
2025-01-31,100008,143.7153
2025-02-01,100008,144.609
2025-02-02,100008,144.609
2025-02-03,100008,143.7138
2025-02-04,100008,143.5841
2025-02-05,100008,143.0717
2025-02-06,100008,143.1879
2025-02-07,100008,143.0615
2025-02-08,100008,143.4874
2025-02-09,100008,143.4874
2025-02-10,100008,142.6157
2025-02-11,100008,142.2452
2025-02-12,100008,141.8535
2025-02-13,100008,142.7951
2025-02-14,100008,142.2628
2025-02-15,100008,143.0077
2025-02-16,100008,143.0077
2025-02-17,100008,143.6281
2025-02-18,100008,143.8523
2025-02-19,100008,144.2049
2025-02-20,100008,143.5616
2025-02-21,100008,143.2127
2025-02-22,100008,143.6908
2025-02-23,100008,144.129
2025-02-24,100008,144.9527
2025-02-25,100008,144.835
2025-02-26,100008,144.835
2025-02-27,100008,145.0602
2025-02-28,100008,144.5948
2025-03-01,100008,145.435
2025-03-02,100008,145.1781
2025-03-03,100008,145.1891
2025-03-04,100008,145.1891
2025-03-05,100008,144.7454
2025-03-06,100008,144.2916
2025-03-07,100008,143.5014
2025-03-08,100008,143.9068
2025-03-09,100008,143.0732
2025-03-10,100008,143.0732
2025-03-11,100008,142.8834
2025-03-12,100008,142.4048
2025-03-13,100008,141.4493
2025-03-14,100008,141.4493
2025-03-15,100008,142.4202
2025-03-16,100008,141.7983
2025-03-17,100008,142.2389
2025-03-18,100008,142.4578
2025-03-19,100008,142.645
2025-03-20,100008,142.0905
2025-03-21,100008,142.3876
2025-03-22,100008,142.5635
2025-03-23,100008,141.7624
2025-03-24,100008,142.1718
2025-03-25,100008,142.8252
2025-03-26,100008,142.3178
2025-03-27,100008,142.4964
2025-03-28,100008,142.4964
2025-03-29,100008,142.5321
2025-03-30,100008,142.1577
2025-03-31,100008,141.7525
2025-01-01,100009,127.3817
2025-01-02,100009,127.3817
2025-01-03,100009,127.3817
2025-01-04,100009,127.3076
2025-01-05,100009,127.1827
2025-01-06,100009,127.8777
2025-01-07,100009,127.8777
2025-01-08,100009,128.0611
2025-01-09,100009,128.0611
2025-01-10,100009,128.6887
2025-01-11,100009,128.3368
2025-01-12,100009,129.3082
2025-01-13,100009,128.5947
2025-01-14,100009,128.8508
2025-01-15,100009,128.6046
2025-01-16,100009,129.202
2025-01-17,100009,130.0338
2025-01-18,100009,129.6338
2025-01-19,100009,128.8186
2025-01-20,100009,128.3529
2025-01-21,100009,127.7712
2025-01-22,100009,127.8107
2025-01-23,100009,127.4131
2025-01-24,100009,128.2371
2025-01-25,100009,127.8402
2025-01-26,100009,128.5701
2025-01-27,100009,128.1315
2025-01-28,100009,128.7142
2025-01-29,100009,128.8937
2025-01-30,100009,128.625
2025-01-31,100009,127.7175
2025-02-01,100009,128.5555
2025-02-02,100009,128.9282
2025-02-03,100009,129.8406
2025-02-04,100009,129.7414
2025-02-05,100009,129.9022
2025-02-06,100009,129.6826
2025-02-07,100009,130.1737
2025-02-08,100009,129.2595
2025-02-09,100009,129.0583
2025-02-10,100009,128.9681
2025-02-11,100009,127.9688
2025-02-12,100009,128.0115
2025-02-13,100009,127.9744
2025-02-14,100009,128.4681
2025-02-15,100009,128.3883
2025-02-16,100009,129.2336
2025-02-17,100009,129.09
2025-02-18,100009,129.09
2025-02-19,100009,129.09
2025-02-20,100009,128.4083
2025-02-21,100009,128.3429
2025-02-22,100009,128.8025
2025-02-23,100009,129.7987
2025-02-24,100009,129.7401
2025-02-25,100009,129.7401
2025-02-26,100009,129.8807
2025-02-27,100009,130.578
2025-02-28,100009,130.5869
2025-03-01,100009,131.5258
2025-03-02,100009,130.9221
2025-03-03,100009,130.9234
2025-03-04,100009,130.1065
2025-03-05,100009,130.1065
2025-03-06,100009,130.2645
2025-03-07,100009,131.0654
2025-03-08,100009,130.129
2025-03-09,100009,129.1827
2025-03-10,100009,128.6168
2025-03-11,100009,128.5537
2025-03-12,100009,128.1702
2025-03-13,100009,128.5801
2025-03-14,100009,128.9205
2025-03-15,100009,128.0501
2025-03-16,100009,127.8482
2025-03-17,100009,127.8569
2025-03-18,100009,127.047
2025-03-19,100009,126.3859
2025-03-20,100009,127.0325
2025-03-21,100009,127.8837
2025-03-22,100009,127.8837
2025-03-23,100009,127.8453
2025-03-24,100009,127.3771
2025-03-25,100009,126.9951
2025-03-26,100009,127.5555
2025-03-27,100009,127.2471
2025-03-28,100009,127.2471
2025-03-29,100009,126.4265
2025-03-30,100009,125.5261
2025-03-31,100009,124.8973
2025-01-01,100010,109.8305
2025-01-02,100010,109.8093
2025-01-03,100010,109.2698
2025-01-04,100010,110.0575
2025-01-05,100010,109.7776
2025-01-06,100010,110.6702
2025-01-07,100010,110.2524
2025-01-08,100010,109.7599
2025-01-09,100010,109.5933
2025-01-10,100010,109.312
2025-01-11,100010,108.844
2025-01-12,100010,108.0087
2025-01-13,100010,108.0645
2025-01-14,100010,108.1539
2025-01-15,100010,107.4469
2025-01-16,100010,107.589
2025-01-17,100010,108.2044
2025-01-18,100010,108.2044
2025-01-19,100010,107.7354
2025-01-20,100010,107.7306
2025-01-21,100010,107.4923
2025-01-22,100010,107.4923
2025-01-23,100010,107.7619
2025-01-24,100010,108.1241
2025-01-25,100010,108.7503
2025-01-26,100010,108.0661
2025-01-27,100010,108.2804
2025-01-28,100010,108.8951
2025-01-29,100010,108.0584
2025-01-30,100010,107.2305
2025-01-31,100010,106.5282
2025-02-01,100010,106.154
2025-02-02,100010,105.8708
2025-02-03,100010,105.7406
2025-02-04,100010,105.7864
2025-02-05,100010,104.979
2025-02-06,100010,105.8794
2025-02-07,100010,106.57
2025-02-08,100010,106.0333
2025-02-09,100010,105.7453
2025-02-10,100010,104.7689
2025-02-11,100010,103.9451
2025-02-12,100010,104.5003
2025-02-13,100010,105.4335
2025-02-14,100010,105.4335
2025-02-15,100010,105.9258
2025-02-16,100010,106.1934
2025-02-17,100010,105.5596
2025-02-18,100010,104.7558
2025-02-19,100010,105.3418
2025-02-20,100010,104.4331
2025-02-21,100010,103.608
2025-02-22,100010,102.7429
2025-02-23,100010,103.1033
2025-02-24,100010,103.6301
2025-02-25,100010,104.4745
2025-02-26,100010,103.5602
2025-02-27,100010,103.2119
2025-02-28,100010,103.1937
2025-03-01,100010,103.4774
2025-03-02,100010,103.4774
2025-03-03,100010,104.4623
2025-03-04,100010,105.1513
2025-03-05,100010,104.5969
2025-03-06,100010,104.4752
2025-03-07,100010,105.4203
2025-03-08,100010,105.5611
2025-03-09,100010,105.5611
2025-03-10,100010,105.5745
2025-03-11,100010,104.776
2025-03-12,100010,104.776
2025-03-13,100010,105.6822
2025-03-14,100010,106.6033
2025-03-15,100010,107.5025
2025-03-16,100010,106.7935
2025-03-17,100010,107.0849
2025-03-18,100010,107.0849
2025-03-19,100010,107.4993
2025-03-20,100010,107.7911
2025-03-21,100010,108.5664
2025-03-22,100010,107.7752
2025-03-23,100010,107.5134
2025-03-24,100010,108.2531
2025-03-25,100010,108.8988
2025-03-26,100010,109.7543
2025-03-27,100010,108.7918
2025-03-28,100010,108.8199
2025-03-29,100010,109.0695
2025-03-30,100010,108.672
2025-03-31,100010,109.0967
2025-01-01,100011,41.4541
2025-01-02,100011,41.4541
2025-01-03,100011,42.218
2025-01-04,100011,42.2188
2025-01-05,100011,42.6697
2025-01-06,100011,42.7377
2025-01-07,100011,41.8078
2025-01-08,100011,42.093
2025-01-09,100011,42.9311
2025-01-10,100011,42.7059
2025-01-11,100011,42.2339
2025-01-12,100011,41.8296
2025-01-13,100011,42.6029
2025-01-14,100011,42.8895
2025-01-15,100011,43.1807
2025-01-16,100011,43.5063
2025-01-17,100011,42.6039
2025-01-18,100011,42.2391
2025-01-19,100011,41.259
2025-01-20,100011,41.2456
2025-01-21,100011,41.2456
2025-01-22,100011,41.2456
2025-01-23,100011,40.8247
2025-01-24,100011,40.7883
2025-01-25,100011,40.7883
2025-01-26,100011,41.4424
2025-01-27,100011,40.6874
2025-01-28,100011,39.6967
2025-01-29,100011,39.915
2025-01-30,100011,39.6362
2025-01-31,100011,39.1941
2025-02-01,100011,39.6867
2025-02-02,100011,40.4742
2025-02-03,100011,39.688
2025-02-04,100011,39.688
2025-02-05,100011,40.465
2025-02-06,100011,40.2142
2025-02-07,100011,40.688
2025-02-08,100011,40.4121
2025-02-09,100011,40.9239
2025-02-10,100011,41.4218
2025-02-11,100011,41.5783
2025-02-12,100011,41.5667
2025-02-13,100011,41.2589
2025-02-14,100011,41.0615
2025-02-15,100011,40.3602
2025-02-16,100011,39.5942
2025-02-17,100011,39.1555
2025-02-18,100011,38.6297
2025-02-19,100011,39.2793
2025-02-20,100011,38.5738
2025-02-21,100011,38.2198
2025-02-22,100011,39.118
2025-02-23,100011,39.7281
2025-02-24,100011,39.5634
2025-02-25,100011,40.1748
2025-02-26,100011,40.1893
2025-02-27,100011,40.5077
2025-02-28,100011,39.7593
2025-03-01,100011,39.7123
2025-03-02,100011,39.2349
2025-03-03,100011,39.2349
2025-03-04,100011,39.035
2025-03-05,100011,38.6351
2025-03-06,100011,38.3249
2025-03-07,100011,37.9517
2025-03-08,100011,37.9517
2025-03-09,100011,37.8226
2025-03-10,100011,38.7634
2025-03-11,100011,39.3022
2025-03-12,100011,38.9006
2025-03-13,100011,38.4829
2025-03-14,100011,38.82
2025-03-15,100011,38.82
2025-03-16,100011,38.7311
2025-03-17,100011,38.3263
2025-03-18,100011,37.7222
2025-03-19,100011,38.7031
2025-03-20,100011,39.3224
2025-03-21,100011,40.024
2025-03-22,100011,39.5303
2025-03-23,100011,40.4705
2025-03-24,100011,39.7743
2025-03-25,100011,40.1544
2025-03-26,100011,39.3593
2025-03-27,100011,40.1757
2025-03-28,100011,40.3244
2025-03-29,100011,39.9736
2025-03-30,100011,40.3606
2025-03-31,100011,41.1223
2025-01-01,100012,129.5222
2025-01-02,100012,129.8608
2025-01-03,100012,129.0047
2025-01-04,100012,129.3395
2025-01-05,100012,129.3395
2025-01-06,100012,128.8768
2025-01-07,100012,129.2538
2025-01-08,100012,129.2538
2025-01-09,100012,129.2538
2025-01-10,100012,129.2538
2025-01-11,100012,128.5243
2025-01-12,100012,128.0434
2025-01-13,100012,128.0434
2025-01-14,100012,128.0737
2025-01-15,100012,129.0613
2025-01-16,100012,129.2125
2025-01-17,100012,129.5573
2025-01-18,100012,129.4128
2025-01-19,100012,130.3275
2025-01-20,100012,129.9533
2025-01-21,100012,130.0494
2025-01-22,100012,130.7632
2025-01-23,100012,130.1295
2025-01-24,100012,130.5519
2025-01-25,100012,131.0748
2025-01-26,100012,130.9892
2025-01-27,100012,130.2912
2025-01-28,100012,130.9021
2025-01-29,100012,131.4499
2025-01-30,100012,130.4509
2025-01-31,100012,129.9985
2025-02-01,100012,129.0376
2025-02-02,100012,128.626
2025-02-03,100012,128.311
2025-02-04,100012,128.311
2025-02-05,100012,127.8384
2025-02-06,100012,127.5337
2025-02-07,100012,127.5337
2025-02-08,100012,128.4733
2025-02-09,100012,128.4215
2025-02-10,100012,129.2935
2025-02-11,100012,129.2568
2025-02-12,100012,129.2568
2025-02-13,100012,129.3687
2025-02-14,100012,130.1325
2025-02-15,100012,130.1325
2025-02-16,100012,129.5568
2025-02-17,100012,128.5975
2025-02-18,100012,128.9913
2025-02-19,100012,128.9913
2025-02-20,100012,129.1053
2025-02-21,100012,129.4751
2025-02-22,100012,128.6089
2025-02-23,100012,128.2586
2025-02-24,100012,128.2586
2025-02-25,100012,128.1729
2025-02-26,100012,129.0127
2025-02-27,100012,128.474
2025-02-28,100012,128.4887
2025-03-01,100012,129.2537
2025-03-02,100012,130.0583
2025-03-03,100012,129.3357
2025-03-04,100012,129.5677
2025-03-05,100012,129.5677
2025-03-06,100012,129.3541
2025-03-07,100012,128.3792
2025-03-08,100012,129.0891
2025-03-09,100012,129.0891
2025-03-10,100012,128.5998
2025-03-11,100012,129.5403
2025-03-12,100012,128.7999
2025-03-13,100012,128.9356
2025-03-14,100012,129.0006
2025-03-15,100012,128.7655
2025-03-16,100012,129.5403
2025-03-17,100012,130.385
2025-03-18,100012,131.2668
2025-03-19,100012,131.6246
2025-03-20,100012,131.7447
2025-03-21,100012,131.059
2025-03-22,100012,131.2524
2025-03-23,100012,131.7155
2025-03-24,100012,131.7155
2025-03-25,100012,130.9205
2025-03-26,100012,131.5822
2025-03-27,100012,132.1126
2025-03-28,100012,132.7299
2025-03-29,100012,133.1054
2025-03-30,100012,133.1054
2025-03-31,100012,132.8989
2025-01-01,100013,108.2567
2025-01-02,100013,108.0374
2025-01-03,100013,108.1835
2025-01-04,100013,108.3251
2025-01-05,100013,108.3251
2025-01-06,100013,108.3251
2025-01-07,100013,108.7054
2025-01-08,100013,109.4143
2025-01-09,100013,108.6518
2025-01-10,100013,108.4243
2025-01-11,100013,108.9392
2025-01-12,100013,109.2365
2025-01-13,100013,109.2894
2025-01-14,100013,109.218
2025-01-15,100013,109.404
2025-01-16,100013,109.404
2025-01-17,100013,108.8373
2025-01-18,100013,108.2159
2025-01-19,100013,108.2159
2025-01-20,100013,109.1825
2025-01-21,100013,108.7124
2025-01-22,100013,108.7603
2025-01-23,100013,109.7364
2025-01-24,100013,109.2756
2025-01-25,100013,109.2756
2025-01-26,100013,108.97
2025-01-27,100013,108.6278
2025-01-28,100013,108.7021
2025-01-29,100013,108.1064
2025-01-30,100013,108.5736
2025-01-31,100013,107.7949
2025-02-01,100013,107.7949
2025-02-02,100013,107.7949
2025-02-03,100013,108.2313
2025-02-04,100013,108.658
2025-02-05,100013,109.3629
2025-02-06,100013,110.0638
2025-02-07,100013,110.6154
2025-02-08,100013,110.066
2025-02-09,100013,110.5725
2025-02-10,100013,110.4326
2025-02-11,100013,110.9031
2025-02-12,100013,110.81
2025-02-13,100013,110.3878
2025-02-14,100013,109.5538
2025-02-15,100013,108.7936
2025-02-16,100013,108.6048
2025-02-17,100013,108.9687
2025-02-18,100013,108.9687
2025-02-19,100013,108.4911
2025-02-20,100013,108.2776
2025-02-21,100013,108.7831
2025-02-22,100013,108.0167
2025-02-23,100013,108.5784
2025-02-24,100013,109.0571
2025-02-25,100013,109.4104
2025-02-26,100013,109.0505
2025-02-27,100013,108.1741
2025-02-28,100013,107.7439
2025-03-01,100013,107.6359
2025-03-02,100013,107.2728
2025-03-03,100013,107.6209
2025-03-04,100013,107.8404
2025-03-05,100013,107.1773
2025-03-06,100013,107.3264
2025-03-07,100013,106.6029
2025-03-08,100013,106.9743
2025-03-09,100013,106.9743
2025-03-10,100013,107.7927
2025-03-11,100013,108.779
2025-03-12,100013,107.938
2025-03-13,100013,107.938
2025-03-14,100013,107.108
2025-03-15,100013,106.3357
2025-03-16,100013,106.7569
2025-03-17,100013,107.2221
2025-03-18,100013,107.2221
2025-03-19,100013,107.7678
2025-03-20,100013,107.7678
2025-03-21,100013,107.2011
2025-03-22,100013,107.2212
2025-03-23,100013,106.667
2025-03-24,100013,106.533
2025-03-25,100013,107.4361
2025-03-26,100013,107.4361
2025-03-27,100013,107.4361
2025-03-28,100013,106.9194
2025-03-29,100013,107.8917
2025-03-30,100013,107.2633
2025-03-31,100013,107.5453
2025-01-01,100014,113.3681
2025-01-02,100014,114.2819
2025-01-03,100014,114.2819
2025-01-04,100014,115.2059
2025-01-05,100014,116.0695
2025-01-06,100014,116.0695
2025-01-07,100014,115.7231
2025-01-08,100014,115.0028
2025-01-09,100014,114.6509
2025-01-10,100014,113.7822
2025-01-11,100014,113.1978
2025-01-12,100014,113.2796
2025-01-13,100014,112.7121
2025-01-14,100014,112.0793
2025-01-15,100014,113.0775
2025-01-16,100014,113.0775
2025-01-17,100014,113.8272
2025-01-18,100014,113.7615
2025-01-19,100014,113.745
2025-01-20,100014,113.8781
2025-01-21,100014,114.5541
2025-01-22,100014,114.5541
2025-01-23,100014,114.8196
2025-01-24,100014,115.6204
2025-01-25,100014,115.1683
2025-01-26,100014,115.0918
2025-01-27,100014,114.7662
2025-01-28,100014,114.9233
2025-01-29,100014,114.3352
2025-01-30,100014,114.3352
2025-01-31,100014,114.3352
2025-02-01,100014,114.4422
2025-02-02,100014,115.2185
2025-02-03,100014,116.0241
2025-02-04,100014,116.0241
2025-02-05,100014,116.0241
2025-02-06,100014,116.5203
2025-02-07,100014,116.3119
2025-02-08,100014,116.1154
2025-02-09,100014,116.7175
2025-02-10,100014,117.0995
2025-02-11,100014,117.8669
2025-02-12,100014,117.6126
2025-02-13,100014,118.496
2025-02-14,100014,118.496
2025-02-15,100014,118.2668
2025-02-16,100014,117.5373
2025-02-17,100014,117.526
2025-02-18,100014,117.5287
2025-02-19,100014,118.3215
2025-02-20,100014,119.0271
2025-02-21,100014,119.4459
2025-02-22,100014,118.4574
2025-02-23,100014,118.4574
2025-02-24,100014,117.5925
2025-02-25,100014,117.3517
2025-02-26,100014,117.3517
2025-02-27,100014,116.818
2025-02-28,100014,117.6561
2025-03-01,100014,117.0905
2025-03-02,100014,116.4841
2025-03-03,100014,116.4687
2025-03-04,100014,116.4687
2025-03-05,100014,116.3427
2025-03-06,100014,115.628
2025-03-07,100014,116.3248
2025-03-08,100014,115.8855
2025-03-09,100014,115.6832
2025-03-10,100014,115.8713
2025-03-11,100014,116.4503
2025-03-12,100014,116.4503
2025-03-13,100014,116.0887
2025-03-14,100014,116.2914
2025-03-15,100014,116.2914
2025-03-16,100014,116.3335
2025-03-17,100014,116.3971
2025-03-18,100014,117.0535
2025-03-19,100014,116.6404
2025-03-20,100014,116.9228
2025-03-21,100014,116.459
2025-03-22,100014,117.3112
2025-03-23,100014,117.873
2025-03-24,100014,117.873
2025-03-25,100014,117.873
2025-03-26,100014,117.946
2025-03-27,100014,117.946
2025-03-28,100014,117.946
2025-03-29,100014,117.0158
2025-03-30,100014,118.0
2025-03-31,100014,117.4658
2025-01-01,100015,112.5613
2025-01-02,100015,112.5499
2025-01-03,100015,113.5112
2025-01-04,100015,113.3949
2025-01-05,100015,113.3949
2025-01-06,100015,112.5035
2025-01-07,100015,111.8901
2025-01-08,100015,111.8901
2025-01-09,100015,112.1974
2025-01-10,100015,112.5122
2025-01-11,100015,112.8501
2025-01-12,100015,113.2365
2025-01-13,100015,112.8781
2025-01-14,100015,112.6306
2025-01-15,100015,113.2363
2025-01-16,100015,112.3915
2025-01-17,100015,111.6692
2025-01-18,100015,111.781
2025-01-19,100015,111.4452
2025-01-20,100015,111.7318
2025-01-21,100015,112.2241
2025-01-22,100015,111.9872
2025-01-23,100015,111.1679
2025-01-24,100015,111.5511
2025-01-25,100015,111.5511
2025-01-26,100015,111.6319
2025-01-27,100015,111.692
2025-01-28,100015,112.5391
2025-01-29,100015,111.6286
2025-01-30,100015,111.1119
2025-01-31,100015,111.9587
2025-02-01,100015,111.9587
2025-02-02,100015,112.1652
2025-02-03,100015,111.9501
2025-02-04,100015,112.1771
2025-02-05,100015,112.1771
2025-02-06,100015,113.0002
2025-02-07,100015,112.7995
2025-02-08,100015,112.532
2025-02-09,100015,112.1565
2025-02-10,100015,112.7124
2025-02-11,100015,112.7124
2025-02-12,100015,112.6639
2025-02-13,100015,112.4172
2025-02-14,100015,111.4242
2025-02-15,100015,111.5483
2025-02-16,100015,110.8069
2025-02-17,100015,111.7004
2025-02-18,100015,112.6358
2025-02-19,100015,112.008
2025-02-20,100015,112.7247
2025-02-21,100015,113.5732
2025-02-22,100015,114.0152
2025-02-23,100015,114.1063
2025-02-24,100015,114.1845
2025-02-25,100015,114.1196
2025-02-26,100015,114.5065
2025-02-27,100015,113.7469
2025-02-28,100015,114.248
2025-03-01,100015,114.1653
2025-03-02,100015,114.3195
2025-03-03,100015,113.7046
2025-03-04,100015,113.9012
2025-03-05,100015,114.3914
2025-03-06,100015,114.348
2025-03-07,100015,114.348
2025-03-08,100015,114.3429
2025-03-09,100015,114.3429
2025-03-10,100015,113.5963
2025-03-11,100015,114.1986
2025-03-12,100015,114.9046
2025-03-13,100015,114.0119
2025-03-14,100015,114.0119
2025-03-15,100015,114.0086
2025-03-16,100015,113.6422
2025-03-17,100015,112.9951
2025-03-18,100015,112.9951
2025-03-19,100015,112.1188
2025-03-20,100015,112.0119
2025-03-21,100015,111.8669
2025-03-22,100015,111.1847
2025-03-23,100015,111.8388
2025-03-24,100015,112.8134
2025-03-25,100015,113.3711
2025-03-26,100015,112.9383
2025-03-27,100015,113.668
2025-03-28,100015,113.668
2025-03-29,100015,114.1137
2025-03-30,100015,113.6997
2025-03-31,100015,112.7954
2025-01-01,100016,140.4934
2025-01-02,100016,139.7667
2025-01-03,100016,138.8641
2025-01-04,100016,138.5607
2025-01-05,100016,138.5754
2025-01-06,100016,138.4896
2025-01-07,100016,138.8735
2025-01-08,100016,139.0035
2025-01-09,100016,139.7305
2025-01-10,100016,139.5743
2025-01-11,100016,140.4428
2025-01-12,100016,140.5849
2025-01-13,100016,140.5849
2025-01-14,100016,140.4345
2025-01-15,100016,140.0624
2025-01-16,100016,140.0624
2025-01-17,100016,141.0493
2025-01-18,100016,141.9417
2025-01-19,100016,141.8519
2025-01-20,100016,141.1542
2025-01-21,100016,141.1542
2025-01-22,100016,140.7537
2025-01-23,100016,140.7537
2025-01-24,100016,140.0758
2025-01-25,100016,140.0758
2025-01-26,100016,139.2159
2025-01-27,100016,138.2713
2025-01-28,100016,137.6227
2025-01-29,100016,137.6227
2025-01-30,100016,138.5432
2025-01-31,100016,139.3768
2025-02-01,100016,139.7465
2025-02-02,100016,139.6199
2025-02-03,100016,140.0121
2025-02-04,100016,140.5901
2025-02-05,100016,141.4044
2025-02-06,100016,141.4044
2025-02-07,100016,141.1206
2025-02-08,100016,140.6691
2025-02-09,100016,140.1736
2025-02-10,100016,140.1736
2025-02-11,100016,140.1973
2025-02-12,100016,140.1207
2025-02-13,100016,139.5707
2025-02-14,100016,138.8333
2025-02-15,100016,139.1384
2025-02-16,100016,138.1542
2025-02-17,100016,137.4504
2025-02-18,100016,136.7602
2025-02-19,100016,136.3658
2025-02-20,100016,136.3658
2025-02-21,100016,135.7838
2025-02-22,100016,135.8388
2025-02-23,100016,136.723
2025-02-24,100016,137.5688
2025-02-25,100016,136.5764
2025-02-26,100016,135.6876
2025-02-27,100016,134.9751
2025-02-28,100016,135.9459
2025-03-01,100016,135.0156
2025-03-02,100016,135.0156
2025-03-03,100016,135.5501
2025-03-04,100016,135.2597
2025-03-05,100016,135.2597
2025-03-06,100016,135.011
2025-03-07,100016,134.9608
2025-03-08,100016,135.6014
2025-03-09,100016,136.4402
2025-03-10,100016,136.4402
2025-03-11,100016,135.8942
2025-03-12,100016,136.6745
2025-03-13,100016,137.2923
2025-03-14,100016,137.7338
2025-03-15,100016,138.2435
2025-03-16,100016,139.0015
2025-03-17,100016,139.1762
2025-03-18,100016,139.1762
2025-03-19,100016,138.6473
2025-03-20,100016,138.6473
2025-03-21,100016,139.2853
2025-03-22,100016,138.8984
2025-03-23,100016,138.7297
2025-03-24,100016,138.7297
2025-03-25,100016,138.817
2025-03-26,100016,138.1898
2025-03-27,100016,137.2417
2025-03-28,100016,137.2557
2025-03-29,100016,137.2557
2025-03-30,100016,137.6759
2025-03-31,100016,138.6175
2025-01-02,100017,88.3704
2025-01-03,100017,88.8244
2025-01-04,100017,88.8244
2025-01-05,100017,88.1814
2025-01-06,100017,88.6125
2025-01-07,100017,88.6125
2025-01-08,100017,88.3399
2025-01-09,100017,87.5929
2025-01-10,100017,87.576
2025-01-11,100017,87.2437
2025-01-12,100017,88.2012
2025-01-13,100017,89.1152
2025-01-14,100017,89.7653
2025-01-15,100017,89.7609
2025-01-16,100017,88.9832
2025-01-17,100017,88.9832
2025-01-18,100017,88.5506
2025-01-19,100017,89.3832
2025-01-20,100017,89.5437
2025-01-21,100017,89.5437
2025-01-22,100017,89.3136
2025-01-23,100017,90.1576
2025-01-24,100017,91.0322
2025-01-25,100017,91.0322
2025-01-26,100017,91.0322
2025-01-27,100017,91.6042
2025-01-28,100017,92.1047
2025-01-29,100017,92.3843
2025-01-30,100017,92.4655
2025-01-31,100017,92.7801
2025-02-01,100017,91.8438
2025-02-02,100017,90.8671
2025-02-03,100017,90.8671
2025-02-04,100017,90.8671
2025-02-05,100017,90.7615
2025-02-06,100017,90.6552
2025-02-07,100017,91.6046
2025-02-08,100017,91.5175
2025-02-09,100017,92.0358
2025-02-10,100017,91.294
2025-02-11,100017,91.1764
2025-02-12,100017,91.6889
2025-02-13,100017,91.6889
2025-02-14,100017,92.5586
2025-02-15,100017,92.5586
2025-02-16,100017,92.9286
2025-02-17,100017,93.2496
2025-02-18,100017,94.0757
2025-02-19,100017,93.0782
2025-02-20,100017,93.0782
2025-02-21,100017,92.2321
2025-02-22,100017,93.1453
2025-02-23,100017,93.4206
2025-02-24,100017,92.6184
2025-02-25,100017,91.8117
2025-02-26,100017,91.8346
2025-02-27,100017,91.8346
2025-02-28,100017,91.8346
2025-03-01,100017,91.9522
2025-03-02,100017,92.7071
2025-03-03,100017,91.7083
2025-03-04,100017,91.6655
2025-03-05,100017,92.3813
2025-03-06,100017,91.4347
2025-03-07,100017,92.1613
2025-03-08,100017,92.9592
2025-03-09,100017,92.9592
2025-03-10,100017,92.9434
2025-03-11,100017,92.9434
2025-03-12,100017,93.7509
2025-03-13,100017,94.6394
2025-03-14,100017,94.7064
2025-03-15,100017,95.2859
2025-03-16,100017,95.4014
2025-03-17,100017,96.1289
2025-03-18,100017,97.0327
2025-03-19,100017,97.2348
2025-03-20,100017,97.8063
2025-03-21,100017,97.2438
2025-03-22,100017,96.3023
2025-03-23,100017,96.4446
2025-03-24,100017,96.4446
2025-03-25,100017,96.3726
2025-03-26,100017,95.9833
2025-03-27,100017,96.4998
2025-03-28,100017,96.4998
2025-03-29,100017,96.0314
2025-03-30,100017,95.6276
2025-01-01,100018,128.7116
2025-01-02,100018,128.2798
2025-01-03,100018,128.3986
2025-01-04,100018,127.666
2025-01-05,100018,128.3515
2025-01-06,100018,128.2048
2025-01-07,100018,127.7172
2025-01-08,100018,126.7539
2025-01-09,100018,127.4836
2025-01-10,100018,127.8182
2025-01-11,100018,128.184
2025-01-12,100018,127.7428
2025-01-13,100018,127.7428
2025-01-14,100018,128.6718
2025-01-15,100018,129.5507
2025-01-16,100018,129.9568
2025-01-17,100018,128.9706
2025-01-18,100018,129.2557
2025-01-19,100018,130.1493
2025-01-20,100018,130.1219
2025-01-21,100018,129.2014
2025-01-22,100018,128.7494
2025-01-23,100018,129.36
2025-01-24,100018,128.5138
2025-01-25,100018,128.8009
2025-01-26,100018,128.8009
2025-01-27,100018,127.8968
2025-01-28,100018,128.6251
2025-01-29,100018,129.5816
2025-01-30,100018,129.9582
2025-01-31,100018,129.0833
2025-02-01,100018,129.4467
2025-02-02,100018,128.8817
2025-02-03,100018,129.1359
2025-02-04,100018,128.6806
2025-02-05,100018,129.6386
2025-02-06,100018,130.5886
2025-02-07,100018,130.4451
2025-02-08,100018,130.7321
2025-02-09,100018,130.1671
2025-02-10,100018,130.2107
2025-02-11,100018,130.0341
2025-02-12,100018,129.3838
2025-02-13,100018,128.6563
2025-02-14,100018,128.2604
2025-02-15,100018,127.4947
2025-02-16,100018,127.2893
2025-02-17,100018,127.2893
2025-02-18,100018,128.0648
2025-02-19,100018,128.7748
2025-02-20,100018,128.0052
2025-02-21,100018,127.8721
2025-02-22,100018,126.9314
2025-02-23,100018,126.4851
2025-02-24,100018,126.3851
2025-02-25,100018,125.8608
2025-02-26,100018,125.8608
2025-02-27,100018,126.4962
2025-02-28,100018,126.4527
2025-03-01,100018,126.133
2025-03-02,100018,126.4907
2025-03-03,100018,126.4907
2025-03-04,100018,126.9464
2025-03-05,100018,126.9811
2025-03-06,100018,126.1333
2025-03-07,100018,126.7557
2025-03-08,100018,126.1129
2025-03-09,100018,126.6862
2025-03-10,100018,126.8673
2025-03-11,100018,126.5326
2025-03-12,100018,127.5059
2025-03-13,100018,128.451
2025-03-14,100018,128.2662
2025-03-15,100018,129.1806
2025-03-16,100018,129.0522
2025-03-17,100018,129.8665
2025-03-18,100018,129.8665
2025-03-19,100018,129.7315
2025-03-20,100018,130.249
2025-03-21,100018,130.8292
2025-03-22,100018,130.7329
2025-03-23,100018,129.9835
2025-03-24,100018,129.3541
2025-03-25,100018,128.6956
2025-03-26,100018,128.1337
2025-03-27,100018,127.7416
2025-03-28,100018,128.3198
2025-03-29,100018,129.1635
2025-03-30,100018,129.5853
2025-03-31,100018,129.8648
2025-01-01,100019,24.5418
2025-01-02,100019,24.4978
2025-01-03,100019,24.0957
2025-01-04,100019,24.0957
2025-01-05,100019,24.5175
2025-01-06,100019,24.5175
2025-01-07,100019,25.4318
2025-01-08,100019,24.8174
2025-01-09,100019,25.2946
2025-01-10,100019,24.3098
2025-01-11,100019,24.8811
2025-01-12,100019,24.9407
2025-01-13,100019,24.6131
2025-01-14,100019,23.6686
2025-01-15,100019,23.7282
2025-01-16,100019,23.0012
2025-01-17,100019,23.7446
2025-01-18,100019,23.5244
2025-01-19,100019,23.2595
2025-01-20,100019,24.016
2025-01-21,100019,24.9597
2025-01-22,100019,25.8351
2025-01-23,100019,26.5995
2025-01-24,100019,26.4276
2025-01-25,100019,26.3603
2025-01-26,100019,27.1206
2025-01-27,100019,26.2311
2025-01-28,100019,25.8417
2025-01-29,100019,25.6381
2025-01-30,100019,26.1501
2025-01-31,100019,25.6915
2025-02-01,100019,25.6915
2025-02-02,100019,24.8587
2025-02-03,100019,24.9767
2025-02-04,100019,24.9767
2025-02-05,100019,25.8517
2025-02-06,100019,24.9271
2025-02-07,100019,25.5774
2025-02-08,100019,26.4449
2025-02-09,100019,26.4449
2025-02-10,100019,26.5534
2025-02-11,100019,26.5534
2025-02-12,100019,26.2131
2025-02-13,100019,25.9253
2025-02-14,100019,26.0138
2025-02-15,100019,26.943
2025-02-16,100019,26.8099
2025-02-17,100019,27.1075
2025-02-18,100019,27.9613
2025-02-19,100019,27.5323
2025-02-20,100019,27.7851
2025-02-21,100019,28.4776
2025-02-22,100019,27.5992
2025-02-23,100019,27.8142
2025-02-24,100019,28.0995
2025-02-25,100019,28.6283
2025-02-26,100019,29.4157
2025-02-27,100019,29.4157
2025-02-28,100019,30.3672
2025-03-01,100019,30.3672
2025-03-02,100019,31.1869
2025-03-03,100019,30.5426
2025-03-04,100019,31.3794
2025-03-05,100019,30.5131
2025-03-06,100019,30.5131
2025-03-07,100019,30.5133
2025-03-08,100019,30.3651
2025-03-09,100019,31.0403
2025-03-10,100019,31.0893
2025-03-11,100019,32.0642
2025-03-12,100019,31.4079
2025-03-13,100019,31.4079
2025-03-14,100019,31.4079
2025-03-15,100019,31.1056
2025-03-16,100019,30.4905
2025-03-17,100019,30.8272
2025-03-18,100019,30.8272
2025-03-19,100019,31.3853
2025-03-20,100019,31.7793
2025-03-21,100019,31.3357
2025-03-22,100019,31.4022
2025-03-23,100019,32.3163
2025-03-24,100019,31.7086
2025-03-25,100019,31.9351
2025-03-26,100019,31.9207
2025-03-27,100019,32.7294
2025-03-28,100019,32.5741
2025-03-29,100019,33.4758
2025-03-30,100019,33.4758
2025-03-31,100019,33.1874
2025-01-01,100020,83.0058
2025-01-02,100020,83.1303
2025-01-03,100020,83.6757
2025-01-04,100020,83.3367
2025-01-05,100020,83.976
2025-01-06,100020,83.5285
2025-01-07,100020,84.0881
2025-01-08,100020,83.5589
2025-01-09,100020,83.2524
2025-01-10,100020,83.1018
2025-01-11,100020,83.1018
2025-01-12,100020,83.6084
2025-01-13,100020,83.6084
2025-01-14,100020,83.6084
2025-01-15,100020,83.3561
2025-01-16,100020,83.3561
2025-01-17,100020,83.4687
2025-01-18,100020,82.6684
2025-01-19,100020,82.7287
2025-01-20,100020,82.6284
2025-01-21,100020,83.0433
2025-01-22,100020,83.0433
2025-01-23,100020,83.0433
2025-01-24,100020,82.3554
2025-01-25,100020,82.3554
2025-01-26,100020,82.0405
2025-01-27,100020,82.7066
2025-01-28,100020,82.6217
2025-01-29,100020,82.6226
2025-01-30,100020,82.4579
2025-01-31,100020,82.4579
2025-02-01,100020,82.6989
2025-02-02,100020,82.7208
2025-02-03,100020,82.2983
2025-02-04,100020,82.813
2025-02-05,100020,82.4184
2025-02-06,100020,82.4184
2025-02-07,100020,82.7317
2025-02-08,100020,83.4119
2025-02-09,100020,84.3508
2025-02-10,100020,85.2729
2025-02-11,100020,85.1175
2025-02-12,100020,84.3846
2025-02-13,100020,85.0958
2025-02-14,100020,85.4232
2025-02-15,100020,86.2865
2025-02-16,100020,86.344
2025-02-17,100020,85.9125
2025-02-18,100020,86.7208
2025-02-19,100020,86.0527
2025-02-20,100020,85.7027
2025-02-21,100020,86.6834
2025-02-22,100020,86.6834
2025-02-23,100020,86.6834
2025-02-24,100020,86.6834
2025-02-25,100020,86.6834
2025-02-26,100020,86.1635
2025-02-27,100020,86.4766
2025-02-28,100020,86.0159
2025-03-01,100020,86.0159
2025-03-02,100020,85.3559
2025-03-03,100020,86.3555
2025-03-04,100020,86.4908
2025-03-05,100020,86.4152
2025-03-06,100020,87.2752
2025-03-07,100020,86.3894
2025-03-08,100020,85.8298
2025-03-09,100020,85.1737
2025-03-10,100020,86.097
2025-03-11,100020,86.097
2025-03-12,100020,86.097
2025-03-13,100020,86.097
2025-03-14,100020,85.8856
2025-03-15,100020,86.884
2025-03-16,100020,85.9695
2025-03-17,100020,85.9695
2025-03-18,100020,86.5667
2025-03-19,100020,85.9119
2025-03-20,100020,85.8949
2025-03-21,100020,85.8496
2025-03-22,100020,84.9741
2025-03-23,100020,84.1338
2025-03-24,100020,85.0079
2025-03-25,100020,85.5255
2025-03-26,100020,85.5255
2025-03-27,100020,85.5255
2025-03-28,100020,84.5611
2025-03-29,100020,84.1289
2025-03-30,100020,84.1289
2025-03-31,100020,84.1203
2025-01-01,100021,59.3974
2025-01-02,100021,58.5636
2025-01-03,100021,58.8782
2025-01-04,100021,59.6453
2025-01-05,100021,58.8713
2025-01-06,100021,58.8713
2025-01-07,100021,58.5714
2025-01-08,100021,59.2287
2025-01-09,100021,58.9656
2025-01-10,100021,58.3689
2025-01-11,100021,57.9802
2025-01-12,100021,57.3624
2025-01-13,100021,57.6322
2025-01-14,100021,57.6322
2025-01-15,100021,57.4697
2025-01-16,100021,57.6161
2025-01-17,100021,57.609
2025-01-18,100021,58.3795
2025-01-19,100021,59.0082
2025-01-20,100021,58.3778
2025-01-21,100021,58.3329
2025-01-22,100021,58.3685
2025-01-23,100021,58.3685
2025-01-24,100021,58.3685
2025-01-25,100021,58.5243
2025-01-26,100021,59.4233
2025-01-27,100021,59.8878
2025-01-28,100021,59.5227
2025-01-29,100021,59.5227
2025-01-30,100021,59.4428
2025-01-31,100021,59.4131
2025-02-01,100021,59.0512
2025-02-02,100021,59.6439
2025-02-03,100021,59.4437
2025-02-04,100021,58.9412
2025-02-05,100021,58.8103
2025-02-06,100021,59.3051
2025-02-07,100021,60.0304
2025-02-08,100021,59.6855
2025-02-09,100021,59.6855
2025-02-10,100021,59.4446
2025-02-11,100021,59.764
2025-02-12,100021,59.4509
2025-02-13,100021,58.7044
2025-02-14,100021,58.6181
2025-02-15,100021,58.1939
2025-02-16,100021,58.8044
2025-02-17,100021,58.7092
2025-02-18,100021,57.8068
2025-02-19,100021,57.6765
2025-02-20,100021,57.8551
2025-02-21,100021,58.8173
2025-02-22,100021,58.3305
2025-02-23,100021,58.6526
2025-02-24,100021,59.1196
2025-02-25,100021,58.437
2025-02-26,100021,57.731
2025-02-27,100021,57.4194
2025-02-28,100021,58.0003
2025-03-01,100021,57.2579
2025-03-02,100021,56.3213
2025-03-03,100021,55.4448
2025-03-04,100021,56.3302
2025-03-05,100021,57.2119
2025-03-06,100021,57.2136
2025-03-07,100021,56.7774
2025-03-08,100021,56.5421
2025-03-09,100021,57.4285
2025-03-10,100021,56.9621
2025-03-11,100021,56.9621
2025-03-12,100021,56.135
2025-03-13,100021,56.3652
2025-03-14,100021,57.0161
2025-03-15,100021,56.7601
2025-03-16,100021,56.4807
2025-03-17,100021,56.5265
2025-03-18,100021,56.6118
2025-03-19,100021,56.3215
2025-03-20,100021,56.3215
2025-03-21,100021,56.978
2025-03-22,100021,57.0007
2025-03-23,100021,57.0046
2025-03-24,100021,56.4459
2025-03-25,100021,56.1991
2025-03-26,100021,56.0358
2025-03-27,100021,56.0358
2025-03-28,100021,56.0358
2025-03-29,100021,56.4677
2025-03-30,100021,56.0922
2025-03-31,100021,56.9608
2025-01-01,100022,78.9421
2025-01-02,100022,79.189
2025-01-03,100022,79.189
2025-01-04,100022,78.4084
2025-01-05,100022,78.7213
2025-01-06,100022,78.481
2025-01-07,100022,79.1327
2025-01-08,100022,79.1214
2025-01-09,100022,79.1214
2025-01-10,100022,79.882
2025-01-11,100022,80.8283
2025-01-12,100022,80.8283
2025-01-13,100022,80.9337
2025-01-14,100022,81.0495
2025-01-15,100022,81.0495
2025-01-16,100022,80.5295
2025-01-17,100022,81.2002
2025-01-18,100022,81.4752
2025-01-19,100022,81.045
2025-01-20,100022,81.045
2025-01-21,100022,81.045
2025-01-22,100022,81.3057
2025-01-23,100022,81.5236
2025-01-24,100022,81.244
2025-01-25,100022,81.115
2025-01-26,100022,81.9654
2025-01-27,100022,81.7955
2025-01-28,100022,82.0922
2025-01-29,100022,82.5329
2025-01-30,100022,82.821
2025-01-31,100022,82.0351
2025-02-01,100022,81.3232
2025-02-02,100022,80.5037
2025-02-03,100022,80.9846
2025-02-04,100022,81.0233
2025-02-05,100022,80.8098
2025-02-06,100022,80.1069
2025-02-07,100022,80.7594
2025-02-08,100022,80.7798
2025-02-09,100022,81.2697
2025-02-10,100022,81.6889
2025-02-11,100022,80.7283
2025-02-12,100022,80.3105
2025-02-13,100022,80.0597
2025-02-14,100022,79.5459
2025-02-15,100022,79.2654
2025-02-16,100022,78.4562
2025-02-17,100022,78.4918
2025-02-18,100022,78.2491
2025-02-19,100022,78.2491
2025-02-20,100022,78.2491
2025-02-21,100022,77.4665
2025-02-22,100022,77.234
2025-02-23,100022,77.7444
2025-02-24,100022,76.8181
2025-02-25,100022,77.5957
2025-02-26,100022,78.4318
2025-02-27,100022,77.5011
2025-02-28,100022,77.0334
2025-03-01,100022,76.4702
2025-03-02,100022,76.8362
2025-03-03,100022,76.8362
2025-03-04,100022,77.4542
2025-03-05,100022,78.1514
2025-03-06,100022,79.0024
2025-03-07,100022,79.3988
2025-03-08,100022,79.3771
2025-03-09,100022,79.2152
2025-03-10,100022,80.1958
2025-03-11,100022,80.7261
2025-03-12,100022,80.6642
2025-03-13,100022,81.0156
2025-03-14,100022,80.6103
2025-03-15,100022,80.2988
2025-03-16,100022,81.0648
2025-03-17,100022,81.5242
2025-03-18,100022,81.2627
2025-03-19,100022,82.0746
2025-03-20,100022,82.4959
2025-03-21,100022,82.4959
2025-03-22,100022,81.5654
2025-03-23,100022,82.5642
2025-03-24,100022,82.9446
2025-03-25,100022,82.7996
2025-03-26,100022,82.7996
2025-03-27,100022,83.3883
2025-03-28,100022,83.6297
2025-03-29,100022,84.275
2025-03-30,100022,83.9777
2025-03-31,100022,84.1376
2025-01-01,100023,76.6225
2025-01-02,100023,76.6225
2025-01-03,100023,75.8933
2025-01-04,100023,75.8933
2025-01-05,100023,75.8933
2025-01-06,100023,75.1198
2025-01-07,100023,74.3467
2025-01-08,100023,73.4812
2025-01-09,100023,74.0071
2025-01-10,100023,74.0071
2025-01-11,100023,73.6796
2025-01-12,100023,73.7556
2025-01-13,100023,73.7556
2025-01-14,100023,74.6338
2025-01-15,100023,74.6944
2025-01-16,100023,75.2544
2025-01-17,100023,75.2544
2025-01-18,100023,75.2544
2025-01-19,100023,75.2518
2025-01-20,100023,75.2518
2025-01-21,100023,75.2518
2025-01-22,100023,75.9619
2025-01-23,100023,76.8577
2025-01-24,100023,76.8444
2025-01-25,100023,76.9147
2025-01-26,100023,77.3608
2025-01-27,100023,77.5483
2025-01-28,100023,78.1251
2025-01-29,100023,79.1206
2025-01-30,100023,79.3795
2025-01-31,100023,79.2828
2025-02-01,100023,79.3723
2025-02-02,100023,78.8503
2025-02-03,100023,78.5038
2025-02-04,100023,78.5038
2025-02-05,100023,79.252
2025-02-06,100023,79.7585
2025-02-07,100023,78.766
2025-02-08,100023,78.766
2025-02-09,100023,77.8403
2025-02-10,100023,78.4938
2025-02-11,100023,78.844
2025-02-12,100023,79.2939
2025-02-13,100023,78.7163
2025-02-14,100023,79.4209
2025-02-15,100023,79.7373
2025-02-16,100023,80.6636
2025-02-17,100023,79.7423
2025-02-18,100023,80.6092
2025-02-19,100023,80.6092
2025-02-20,100023,81.4268
2025-02-21,100023,80.9175
2025-02-22,100023,80.2009
2025-02-23,100023,80.585
2025-02-24,100023,80.2101
2025-02-25,100023,80.1789
2025-02-26,100023,79.7832
2025-02-27,100023,80.7752
2025-02-28,100023,81.0865
2025-03-01,100023,80.4763
2025-03-02,100023,80.7449
2025-03-03,100023,79.8852
2025-03-04,100023,80.1274
2025-03-05,100023,80.1377
2025-03-06,100023,79.1874
2025-03-07,100023,78.3372
2025-03-08,100023,77.5618
2025-03-09,100023,77.5618
2025-03-10,100023,76.9096
2025-03-11,100023,77.7023
2025-03-12,100023,78.6882
2025-03-13,100023,78.8902
2025-03-14,100023,78.1874
2025-03-15,100023,77.8327
2025-03-16,100023,76.8421
2025-03-17,100023,76.3108
2025-03-18,100023,76.3029
2025-03-19,100023,76.3029
2025-03-20,100023,75.3632
2025-03-21,100023,75.3632
2025-03-22,100023,75.3632
2025-03-23,100023,75.3632
2025-03-24,100023,74.7424
2025-03-25,100023,74.1295
2025-03-26,100023,74.191
2025-03-27,100023,73.7804
2025-03-28,100023,73.828
2025-03-29,100023,74.6961
2025-03-30,100023,75.3106
2025-03-31,100023,75.9245
2025-01-01,100024,65.9588
2025-01-02,100024,65.6904
2025-01-03,100024,65.1417
2025-01-04,100024,65.2246
2025-01-05,100024,64.8718
2025-01-06,100024,64.8718
2025-01-07,100024,64.3377
2025-01-08,100024,64.6705
2025-01-09,100024,65.3395
2025-01-10,100024,65.3416
2025-01-11,100024,65.8006
2025-01-12,100024,66.6124
2025-01-13,100024,66.6124
2025-01-14,100024,66.6124
2025-01-15,100024,67.3194
2025-01-16,100024,67.7239
2025-01-17,100024,68.3494
2025-01-18,100024,67.8951
2025-01-19,100024,66.9291
2025-01-20,100024,66.7466
2025-01-21,100024,67.6075
2025-01-22,100024,66.686
2025-01-23,100024,67.5995
2025-01-24,100024,67.1236
2025-01-25,100024,67.1236
2025-01-26,100024,67.4554
2025-01-27,100024,67.8225
2025-01-28,100024,67.8753
2025-01-29,100024,67.2713
2025-01-30,100024,67.9107
2025-01-31,100024,68.3027
2025-02-01,100024,68.5197
2025-02-02,100024,67.5695
2025-02-03,100024,67.9622
2025-02-04,100024,67.2891
2025-02-05,100024,66.7417
2025-02-06,100024,66.7417
2025-02-07,100024,66.3229
2025-02-08,100024,66.7353
2025-02-09,100024,67.2048
2025-02-10,100024,67.769
2025-02-11,100024,68.6203
2025-02-12,100024,69.4862
2025-02-13,100024,68.6042
2025-02-14,100024,69.4879
2025-02-15,100024,68.8099
2025-02-16,100024,68.0651
2025-02-17,100024,68.8564
2025-02-18,100024,69.6987
2025-02-19,100024,69.5671
2025-02-20,100024,68.8743
2025-02-21,100024,68.0346
2025-02-22,100024,68.359
2025-02-23,100024,68.1416
2025-02-24,100024,68.6098
2025-02-25,100024,69.3133
2025-02-26,100024,69.1267
2025-02-27,100024,69.1267
2025-02-28,100024,68.6791
2025-03-01,100024,69.6641
2025-03-02,100024,69.696
2025-03-03,100024,69.947
2025-03-04,100024,69.947
2025-03-05,100024,69.947
2025-03-06,100024,69.7315
2025-03-07,100024,69.4202
2025-03-08,100024,69.2717
2025-03-09,100024,69.3896
2025-03-10,100024,69.107
2025-03-11,100024,69.5071
2025-03-12,100024,69.8739
2025-03-13,100024,69.8739
2025-03-14,100024,69.8739
2025-03-15,100024,69.4127
2025-03-16,100024,68.97
2025-03-17,100024,69.6255
2025-03-18,100024,69.3591
2025-03-19,100024,69.3591
2025-03-20,100024,69.5825
2025-03-21,100024,70.5788
2025-03-22,100024,70.7655
2025-03-23,100024,70.1496
2025-03-24,100024,70.7796
2025-03-25,100024,70.7796
2025-03-26,100024,71.1843
2025-03-27,100024,70.7808
2025-03-28,100024,70.7808
2025-03-29,100024,70.4502
2025-03-30,100024,70.4502
2025-03-31,100024,69.7258
2025-01-01,100025,79.2022
2025-01-02,100025,78.9049
2025-01-03,100025,78.1522
2025-01-04,100025,77.4094
2025-01-05,100025,77.2763
2025-01-06,100025,76.6464
2025-01-07,100025,76.4598
2025-01-08,100025,76.0972
2025-01-09,100025,75.4944
2025-01-10,100025,74.8774
2025-01-11,100025,74.4871
2025-01-12,100025,74.4798
2025-01-13,100025,74.3489
2025-01-14,100025,74.7019
2025-01-15,100025,74.7935
2025-01-16,100025,74.5142
2025-01-17,100025,73.8671
2025-01-18,100025,74.3271
2025-01-19,100025,74.2666
2025-01-20,100025,73.8808
2025-01-21,100025,74.4895
2025-01-22,100025,73.8062
2025-01-23,100025,73.2002
2025-01-24,100025,73.032
2025-01-25,100025,73.6101
2025-01-26,100025,73.8888
2025-01-27,100025,74.2686
2025-01-28,100025,73.9987
2025-01-29,100025,73.2093
2025-01-30,100025,72.7763
2025-01-31,100025,72.4816
2025-02-01,100025,73.3805
2025-02-02,100025,73.3805
2025-02-03,100025,73.3805
2025-02-04,100025,73.535
2025-02-05,100025,73.4632
2025-02-06,100025,74.2494
2025-02-07,100025,73.6331
2025-02-08,100025,72.6762
2025-02-09,100025,71.8241
2025-02-10,100025,71.8241
2025-02-11,100025,71.8241
2025-02-12,100025,72.654
2025-02-13,100025,72.8719
2025-02-14,100025,72.8719
2025-02-15,100025,72.7979
2025-02-16,100025,71.8811
2025-02-17,100025,71.0364
2025-02-18,100025,71.802
2025-02-19,100025,70.9868
2025-02-20,100025,71.8216
2025-02-21,100025,72.3783
2025-02-22,100025,71.7259
2025-02-23,100025,71.0203
2025-02-24,100025,71.8758
2025-02-25,100025,72.3082
2025-02-26,100025,72.47
2025-02-27,100025,72.8893
2025-02-28,100025,71.9342
2025-03-01,100025,71.9342
2025-03-02,100025,72.2393
2025-03-03,100025,73.1896
2025-03-04,100025,72.8318
2025-03-05,100025,73.7486
2025-03-06,100025,73.4434
2025-03-07,100025,73.4434
2025-03-08,100025,73.4434
2025-03-09,100025,73.6816
2025-03-10,100025,73.4621
2025-03-11,100025,72.8459
2025-03-12,100025,72.0871
2025-03-13,100025,72.076
2025-03-14,100025,72.7245
2025-03-15,100025,72.0573
2025-03-16,100025,71.4521
2025-03-17,100025,72.3026
2025-03-18,100025,71.3158
2025-03-19,100025,70.9428
2025-03-20,100025,71.7385
2025-03-21,100025,71.8763
2025-03-22,100025,72.095
2025-03-23,100025,72.1674
2025-03-24,100025,72.3722
2025-03-25,100025,72.4261
2025-03-26,100025,72.4261
2025-03-27,100025,71.6053
2025-03-28,100025,71.6053
2025-03-29,100025,70.916
2025-03-30,100025,70.916
2025-03-31,100025,71.7918
2025-01-01,100026,84.9959
2025-01-02,100026,85.0696
2025-01-03,100026,84.8812
2025-01-04,100026,85.0897
2025-01-05,100026,85.3918
2025-01-06,100026,85.9698
2025-01-07,100026,85.9698
2025-01-08,100026,85.8933
2025-01-09,100026,85.8933
2025-01-10,100026,85.9865
2025-01-11,100026,86.968
2025-01-12,100026,86.968
2025-01-13,100026,86.9226
2025-01-14,100026,86.9226
2025-01-15,100026,87.606
2025-01-16,100026,88.2278
2025-01-17,100026,89.0275
2025-01-18,100026,89.0275
2025-01-19,100026,89.0275
2025-01-20,100026,89.0275
2025-01-21,100026,89.1629
2025-01-22,100026,89.6765
2025-01-23,100026,89.6765
2025-01-24,100026,88.7654
2025-01-25,100026,88.7288
2025-01-26,100026,88.2494
2025-01-27,100026,87.9708
2025-01-28,100026,88.1535
2025-01-29,100026,87.4541
2025-01-30,100026,86.8868
2025-01-31,100026,86.8868
2025-02-01,100026,87.4831
2025-02-02,100026,87.4831
2025-02-03,100026,87.1111
2025-02-04,100026,87.1111
2025-02-05,100026,86.5767
2025-02-06,100026,86.221
2025-02-07,100026,86.3809
2025-02-08,100026,87.3738
2025-02-09,100026,87.3738
2025-02-10,100026,87.3738
2025-02-11,100026,86.5921
2025-02-12,100026,85.6925
2025-02-13,100026,85.9467
2025-02-14,100026,86.0262
2025-02-15,100026,85.4532
2025-02-16,100026,84.749
2025-02-17,100026,84.453
2025-02-18,100026,84.2422
2025-02-19,100026,84.6717
2025-02-20,100026,85.1163
2025-02-21,100026,85.0952
2025-02-22,100026,84.37
2025-02-23,100026,85.3188
2025-02-24,100026,85.3188
2025-02-25,100026,85.3188
2025-02-26,100026,85.3622
2025-02-27,100026,86.3337
2025-02-28,100026,86.3337
2025-03-01,100026,86.524
2025-03-02,100026,86.4815
2025-03-03,100026,87.2588
2025-03-04,100026,87.563
2025-03-05,100026,86.7516
2025-03-06,100026,87.0636
2025-03-07,100026,86.2964
2025-03-08,100026,85.6444
2025-03-09,100026,85.6444
2025-03-10,100026,84.8921
2025-03-11,100026,84.5572
2025-03-12,100026,85.0304
2025-03-13,100026,85.0304
2025-03-14,100026,84.9798
2025-03-15,100026,84.8745
2025-03-16,100026,84.6088
2025-03-17,100026,84.6088
2025-03-18,100026,85.492
2025-03-19,100026,85.492
2025-03-20,100026,86.2512
2025-03-21,100026,85.4155
2025-03-22,100026,86.1469
2025-03-23,100026,86.1469
2025-03-24,100026,86.6287
2025-03-25,100026,86.6287
2025-03-26,100026,86.567
2025-03-27,100026,87.1793
2025-03-28,100026,86.7256
2025-03-29,100026,86.7256
2025-03-30,100026,85.8916
2025-03-31,100026,85.5661
2025-01-01,100027,45.5416
2025-01-02,100027,45.5993
2025-01-03,100027,46.5757
2025-01-04,100027,45.801
2025-01-05,100027,45.7246
2025-01-06,100027,45.2687
2025-01-07,100027,44.9912
2025-01-08,100027,45.3355
2025-01-09,100027,44.3864
2025-01-10,100027,44.3864
2025-01-11,100027,43.5856
2025-01-12,100027,42.5968
2025-01-13,100027,42.5968
2025-01-14,100027,41.9848
2025-01-15,100027,42.8707
2025-01-16,100027,42.2191
2025-01-17,100027,41.317
2025-01-18,100027,42.0942
2025-01-19,100027,42.2908
2025-01-20,100027,42.2322
2025-01-21,100027,42.2322
2025-01-22,100027,41.8792
2025-01-23,100027,41.8792
2025-01-24,100027,41.8792
2025-01-25,100027,41.8792
2025-01-26,100027,42.1412
2025-01-27,100027,42.8851
2025-01-28,100027,42.4965
2025-01-29,100027,41.5215
2025-01-30,100027,41.6326
2025-01-31,100027,42.3355
2025-02-01,100027,42.3355
2025-02-02,100027,43.3083
2025-02-03,100027,42.9324
2025-02-04,100027,43.9022
2025-02-05,100027,44.715
2025-02-06,100027,44.4369
2025-02-07,100027,45.3142
2025-02-08,100027,44.6276
2025-02-09,100027,43.9922
2025-02-10,100027,43.1727
2025-02-11,100027,43.8937
2025-02-12,100027,43.8937
2025-02-13,100027,43.198
2025-02-14,100027,43.7063
2025-02-15,100027,43.3915
2025-02-16,100027,43.3915
2025-02-17,100027,43.9081
2025-02-18,100027,43.5975
2025-02-19,100027,44.2027
2025-02-20,100027,44.2027
2025-02-21,100027,43.4758
2025-02-22,100027,43.4758
2025-02-23,100027,44.2883
2025-02-24,100027,44.8449
2025-02-25,100027,44.0437
2025-02-26,100027,43.0886
2025-02-27,100027,42.5754
2025-02-28,100027,42.2521
2025-03-01,100027,42.4012
2025-03-02,100027,42.5982
2025-03-03,100027,42.5982
2025-03-04,100027,42.5982
2025-03-05,100027,42.2031
2025-03-06,100027,42.5738
2025-03-07,100027,42.8363
2025-03-08,100027,42.4017
2025-03-09,100027,41.6946
2025-03-10,100027,41.7846
2025-03-11,100027,42.2814
2025-03-12,100027,42.9164
2025-03-13,100027,42.9164
2025-03-14,100027,42.2293
2025-03-15,100027,42.9537
2025-03-16,100027,43.6868
2025-03-17,100027,44.4163
2025-03-18,100027,44.7348
2025-03-19,100027,44.5422
2025-03-20,100027,45.3603
2025-03-21,100027,45.4164
2025-03-22,100027,45.6171
2025-03-23,100027,45.6171
2025-03-24,100027,46.0843
2025-03-25,100027,46.8857
2025-03-26,100027,45.9118
2025-03-27,100027,45.8175
2025-03-28,100027,46.7043
2025-03-29,100027,47.4092
2025-03-30,100027,47.9425
2025-03-31,100027,48.3984
2025-01-01,100028,29.8477
2025-01-02,100028,30.4898
2025-01-03,100028,30.9013
2025-01-04,100028,30.6217
2025-01-05,100028,30.9953
2025-01-06,100028,30.3706
2025-01-07,100028,30.3706
2025-01-08,100028,29.6452
2025-01-09,100028,29.6452
2025-01-10,100028,29.7161
2025-01-11,100028,30.6587
2025-01-12,100028,30.6587
2025-01-13,100028,30.0755
2025-01-14,100028,30.69
2025-01-15,100028,30.3086
2025-01-16,100028,29.4322
2025-01-17,100028,29.4322
2025-01-18,100028,29.2881
2025-01-19,100028,29.2881
2025-01-20,100028,29.2647
2025-01-21,100028,29.0962
2025-01-22,100028,29.6385
2025-01-23,100028,29.6385
2025-01-24,100028,30.3694
2025-01-25,100028,30.7198
2025-01-26,100028,29.9105
2025-01-27,100028,29.5713
2025-01-28,100028,29.9084
2025-01-29,100028,29.5981
2025-01-30,100028,29.3112
2025-01-31,100028,29.9314
2025-02-01,100028,29.5881
2025-02-02,100028,30.2581
2025-02-03,100028,30.2581
2025-02-04,100028,30.6407
2025-02-05,100028,30.6618
2025-02-06,100028,30.8778
2025-02-07,100028,29.8802
2025-02-08,100028,29.9186
2025-02-09,100028,29.9186
2025-02-10,100028,29.5827
2025-02-11,100028,29.8477
2025-02-12,100028,29.8733
2025-02-13,100028,29.3767
2025-02-14,100028,29.2095
2025-02-15,100028,29.2095
2025-02-16,100028,29.3727
2025-02-17,100028,29.4116
2025-02-18,100028,29.8765
2025-02-19,100028,29.7041
2025-02-20,100028,29.6149
2025-02-21,100028,28.923
2025-02-22,100028,28.5011
2025-02-23,100028,28.6092
2025-02-24,100028,28.8696
2025-02-25,100028,28.648
2025-02-26,100028,28.6332
2025-02-27,100028,28.0626
2025-02-28,100028,28.5871
2025-03-01,100028,28.5871
2025-03-02,100028,28.4346
2025-03-03,100028,28.6667
2025-03-04,100028,27.6789
2025-03-05,100028,27.6789
2025-03-06,100028,27.1686
2025-03-07,100028,27.1173
2025-03-08,100028,26.3108
2025-03-09,100028,25.6817
2025-03-10,100028,24.913
2025-03-11,100028,24.6821
2025-03-12,100028,24.2875
2025-03-13,100028,23.717
2025-03-14,100028,23.2061
2025-03-15,100028,23.4387
2025-03-16,100028,23.8721
2025-03-17,100028,24.3938
2025-03-18,100028,23.6205
2025-03-19,100028,24.5393
2025-03-20,100028,24.5393
2025-03-21,100028,24.3722
2025-03-22,100028,23.3998
2025-03-23,100028,23.2936
2025-03-24,100028,23.9609
2025-03-25,100028,23.924
2025-03-26,100028,23.937
2025-03-27,100028,23.937
2025-03-28,100028,23.2228
2025-03-29,100028,23.3338
2025-03-30,100028,24.3299
2025-03-31,100028,24.4759
2025-01-02,100029,23.2115
2025-01-03,100029,23.5978
2025-01-04,100029,24.1886
2025-01-05,100029,25.08
2025-01-06,100029,25.5451
2025-01-07,100029,24.6323
2025-01-08,100029,23.948
2025-01-09,100029,23.0969
2025-01-10,100029,22.4336
2025-01-11,100029,21.6479
2025-01-12,100029,21.6479
2025-01-13,100029,21.6024
2025-01-14,100029,22.0991
2025-01-15,100029,22.0991
2025-01-16,100029,22.9753
2025-01-17,100029,23.0461
2025-01-18,100029,22.1812
2025-01-19,100029,22.7922
2025-01-20,100029,23.4768
2025-01-21,100029,23.4768
2025-01-22,100029,23.7643
2025-01-23,100029,23.7643
2025-01-24,100029,24.3468
2025-01-25,100029,23.4917
2025-01-26,100029,24.16
2025-01-27,100029,24.16
2025-01-28,100029,23.4984
2025-01-29,100029,23.0899
2025-01-30,100029,23.3906
2025-01-31,100029,23.7006
2025-02-01,100029,24.1463
2025-02-02,100029,23.629
2025-02-03,100029,23.629
2025-02-04,100029,22.7852
2025-02-05,100029,22.6347
2025-02-06,100029,21.6655
2025-02-07,100029,21.0788
2025-02-08,100029,22.0335
2025-02-09,100029,22.8259
2025-02-10,100029,23.0522
2025-02-11,100029,23.0522
2025-02-12,100029,23.8687
2025-02-13,100029,22.9542
2025-02-14,100029,22.2876
2025-02-15,100029,22.8013
2025-02-16,100029,22.8013
2025-02-17,100029,23.4588
2025-02-18,100029,22.8305
2025-02-19,100029,23.5461
2025-02-20,100029,23.1351
2025-02-21,100029,22.9398
2025-02-22,100029,22.9398
2025-02-23,100029,23.461
2025-02-24,100029,23.461
2025-02-25,100029,24.081
2025-02-26,100029,24.5218
2025-02-27,100029,25.4748
2025-02-28,100029,24.5372
2025-03-01,100029,24.5148
2025-03-02,100029,23.9017
2025-03-03,100029,23.9017
2025-03-04,100029,24.1354
2025-03-05,100029,24.2759
2025-03-06,100029,24.4893
2025-03-07,100029,24.858
2025-03-08,100029,25.0591
2025-03-09,100029,25.774
2025-03-10,100029,25.3682
2025-03-11,100029,25.1339
2025-03-12,100029,25.784
2025-03-13,100029,26.4259
2025-03-14,100029,26.6544
2025-03-15,100029,25.8597
2025-03-16,100029,25.272
2025-03-17,100029,24.7447
2025-03-18,100029,25.6759
2025-03-19,100029,25.9112
2025-03-20,100029,26.2354
2025-03-21,100029,26.3365
2025-03-22,100029,27.3214
2025-03-23,100029,27.4146
2025-03-24,100029,28.4051
2025-03-25,100029,28.4521
2025-03-26,100029,28.0786
2025-03-27,100029,28.831
2025-03-28,100029,29.7926
2025-03-29,100029,29.621
2025-03-30,100029,30.2982
2025-03-31,100029,30.2844
2025-01-01,100030,12.9465
2025-01-02,100030,12.8253
2025-01-03,100030,12.7967
2025-01-04,100030,13.2933
2025-01-05,100030,13.8577
2025-01-06,100030,13.6916
2025-01-07,100030,13.6916
2025-01-08,100030,13.4797
2025-01-09,100030,12.8467
2025-01-10,100030,12.3096
2025-01-11,100030,12.4904
2025-01-12,100030,13.0908
2025-01-13,100030,13.2367
2025-01-14,100030,13.5482
2025-01-15,100030,13.823
2025-01-16,100030,14.4301
2025-01-17,100030,13.4387
2025-01-18,100030,13.7507
2025-01-19,100030,14.5076
2025-01-20,100030,14.0976
2025-01-21,100030,14.0976
2025-01-22,100030,13.8606
2025-01-23,100030,14.7144
2025-01-24,100030,14.7144
2025-01-25,100030,14.7144
2025-01-26,100030,15.0042
2025-01-27,100030,14.7458
2025-01-28,100030,14.9248
2025-01-29,100030,15.0673
2025-01-30,100030,15.0673
2025-01-31,100030,14.8819
2025-02-01,100030,15.337
2025-02-02,100030,14.6787
2025-02-03,100030,14.5455
2025-02-04,100030,13.9414
2025-02-05,100030,14.6752
2025-02-06,100030,14.8584
2025-02-07,100030,13.9087
2025-02-08,100030,14.8567
2025-02-09,100030,14.3923
2025-02-10,100030,14.3923
2025-02-11,100030,15.343
2025-02-12,100030,14.4173
2025-02-13,100030,15.2807
2025-02-14,100030,14.4562
2025-02-15,100030,14.4562
2025-02-16,100030,15.2403
2025-02-17,100030,15.2403
2025-02-18,100030,15.7267
2025-02-19,100030,15.2077
2025-02-20,100030,15.2077
2025-02-21,100030,14.2284
2025-02-22,100030,14.9212
2025-02-23,100030,14.9643
2025-02-24,100030,14.8622
2025-02-25,100030,15.7421
2025-02-26,100030,16.1454
2025-02-27,100030,16.6083
2025-02-28,100030,16.9942
2025-03-01,100030,16.4164
2025-03-02,100030,17.3232
2025-03-03,100030,17.0264
2025-03-04,100030,16.0845
2025-03-05,100030,16.5588
2025-03-06,100030,16.5588
2025-03-07,100030,17.4618
2025-03-08,100030,18.2368
2025-03-09,100030,17.7442
2025-03-10,100030,17.666
2025-03-11,100030,17.8409
2025-03-12,100030,16.8451
2025-03-13,100030,16.8451
2025-03-14,100030,17.6809
2025-03-15,100030,18.5296
2025-03-16,100030,19.455
2025-03-17,100030,20.0666
2025-03-18,100030,19.8339
2025-03-19,100030,19.388
2025-03-20,100030,19.8103
2025-03-21,100030,20.1259
2025-03-22,100030,19.2637
2025-03-23,100030,18.6791
2025-03-24,100030,18.2963
2025-03-25,100030,18.2963
2025-03-26,100030,18.939
2025-03-27,100030,18.939
2025-03-28,100030,18.4363
2025-03-29,100030,19.2746
2025-03-30,100030,19.2746
2025-03-31,100030,19.2609
2025-01-01,100031,31.1279
2025-01-02,100031,30.608
2025-01-03,100031,31.0698
2025-01-04,100031,30.7953
2025-01-05,100031,30.4499
2025-01-06,100031,29.5694
2025-01-07,100031,29.5694
2025-01-08,100031,29.4825
2025-01-09,100031,29.0777
2025-01-10,100031,29.1173
2025-01-11,100031,28.6395
2025-01-12,100031,28.5441
2025-01-13,100031,28.5441
2025-01-14,100031,28.2621
2025-01-15,100031,27.4926
2025-01-16,100031,28.4367
2025-01-17,100031,28.2317
2025-01-18,100031,27.961
2025-01-19,100031,28.694
2025-01-20,100031,29.6694
2025-01-21,100031,29.4903
2025-01-22,100031,29.3382
2025-01-23,100031,28.5889
2025-01-24,100031,28.26
2025-01-25,100031,27.6551
2025-01-26,100031,28.1013
2025-01-27,100031,28.0729
2025-01-28,100031,28.1287
2025-01-29,100031,27.8851
2025-01-30,100031,26.9482
2025-01-31,100031,27.3571
2025-02-01,100031,27.3571
2025-02-02,100031,27.8551
2025-02-03,100031,27.8551
2025-02-04,100031,27.9183
2025-02-05,100031,27.9081
2025-02-06,100031,27.7724
2025-02-07,100031,27.8634
2025-02-08,100031,27.4761
2025-02-09,100031,26.7644
2025-02-10,100031,27.3861
2025-02-11,100031,27.261
2025-02-12,100031,27.1036
2025-02-13,100031,27.896
2025-02-14,100031,26.9046
2025-02-15,100031,26.3648
2025-02-16,100031,26.3648
2025-02-17,100031,26.8156
2025-02-18,100031,26.4269
2025-02-19,100031,26.9777
2025-02-20,100031,25.9864
2025-02-21,100031,25.4671
2025-02-22,100031,25.4671
2025-02-23,100031,25.2635
2025-02-24,100031,25.2635
2025-02-25,100031,24.9662
2025-02-26,100031,24.7396
2025-02-27,100031,25.3648
2025-02-28,100031,25.759
2025-03-01,100031,26.2621
2025-03-02,100031,27.248
2025-03-03,100031,28.0863
2025-03-04,100031,28.0863
2025-03-05,100031,28.6071
2025-03-06,100031,28.2699
2025-03-07,100031,29.2411
2025-03-08,100031,29.1933
2025-03-09,100031,29.1933
2025-03-10,100031,29.9159
2025-03-11,100031,30.3347
2025-03-12,100031,31.1523
2025-03-13,100031,31.7673
2025-03-14,100031,32.195
2025-03-15,100031,32.1592
2025-03-16,100031,33.1342
2025-03-17,100031,33.1342
2025-03-18,100031,33.9576
2025-03-19,100031,33.8078
2025-03-20,100031,34.5721
2025-03-21,100031,33.8457
2025-03-22,100031,33.8457
2025-03-23,100031,33.1733
2025-03-24,100031,33.5834
2025-03-25,100031,32.5911
2025-03-26,100031,31.6506
2025-03-27,100031,31.9295
2025-03-28,100031,32.836
2025-03-29,100031,32.836
2025-03-30,100031,32.2151
2025-01-01,100032,76.9014
2025-01-02,100032,76.0598
2025-01-03,100032,76.4892
2025-01-04,100032,77.3271
2025-01-05,100032,76.6562
2025-01-06,100032,76.9822
2025-01-07,100032,76.9822
2025-01-08,100032,77.1333
2025-01-09,100032,77.4262
2025-01-10,100032,77.1792
2025-01-11,100032,77.2469
2025-01-12,100032,78.1201
2025-01-13,100032,78.2511
2025-01-14,100032,78.3297
2025-01-15,100032,79.1679
2025-01-16,100032,79.4143
2025-01-17,100032,79.1646
2025-01-18,100032,78.9946
2025-01-19,100032,78.7989
2025-01-20,100032,78.4376
2025-01-21,100032,78.4376
2025-01-22,100032,77.5458
2025-01-23,100032,77.5458
2025-01-24,100032,77.5458
2025-01-25,100032,78.5103
2025-01-26,100032,79.3288
2025-01-27,100032,78.6043
2025-01-28,100032,79.5721
2025-01-29,100032,79.5721
2025-01-30,100032,78.9771
2025-01-31,100032,79.6065
2025-02-01,100032,78.7435
2025-02-02,100032,79.1532
2025-02-03,100032,78.5186
2025-02-04,100032,79.0444
2025-02-05,100032,79.3045
2025-02-06,100032,78.3409
2025-02-07,100032,78.5274
2025-02-08,100032,78.5274
2025-02-09,100032,78.3765
2025-02-10,100032,78.2492
2025-02-11,100032,77.2829
2025-02-12,100032,77.3471
2025-02-13,100032,77.0517
2025-02-14,100032,77.7033
2025-02-15,100032,78.0623
2025-02-16,100032,77.5379
2025-02-17,100032,76.7228
2025-02-18,100032,76.5029
2025-02-19,100032,75.9259
2025-02-20,100032,75.8184
2025-02-21,100032,75.8184
2025-02-22,100032,75.4881
2025-02-23,100032,74.6819
2025-02-24,100032,74.8808
2025-02-25,100032,74.175
2025-02-26,100032,73.7327
2025-02-27,100032,73.1607
2025-02-28,100032,73.3599
2025-03-01,100032,73.7968
2025-03-02,100032,72.9021
2025-03-03,100032,71.9428
2025-03-04,100032,72.6854
2025-03-05,100032,73.1644
2025-03-06,100032,72.8703
2025-03-07,100032,72.4246
2025-03-08,100032,71.5669
2025-03-09,100032,72.0899
2025-03-10,100032,71.8699
2025-03-11,100032,71.657
2025-03-12,100032,71.9983
2025-03-13,100032,72.9892
2025-03-14,100032,72.7225
2025-03-15,100032,72.7225
2025-03-16,100032,72.6518
2025-03-17,100032,73.5672
2025-03-18,100032,73.2864
2025-03-19,100032,73.0372
2025-03-20,100032,73.0372
2025-03-21,100032,72.2918
2025-03-22,100032,72.1272
2025-03-23,100032,72.1272
2025-03-24,100032,72.9209
2025-03-25,100032,72.7768
2025-03-26,100032,73.6153
2025-03-27,100032,73.6153
2025-03-28,100032,73.9079
2025-03-29,100032,73.9774
2025-03-30,100032,74.24
2025-03-31,100032,73.5339
2025-01-03,100033,79.2052
2025-01-04,100033,78.9433
2025-01-05,100033,78.9433
2025-01-06,100033,79.1032
2025-01-07,100033,78.7496
2025-01-08,100033,77.9834
2025-01-09,100033,78.0087
2025-01-10,100033,77.717
2025-01-11,100033,78.5441
2025-01-12,100033,78.7624
2025-01-13,100033,79.6178
2025-01-14,100033,79.2204
2025-01-15,100033,79.4496
2025-01-16,100033,79.5344
2025-01-17,100033,80.1817
2025-01-18,100033,79.7304
2025-01-19,100033,79.7038
2025-01-20,100033,79.1809
2025-01-21,100033,79.6884
2025-01-22,100033,78.7369
2025-01-23,100033,79.0974
2025-01-24,100033,79.0974
2025-01-25,100033,78.897
2025-01-26,100033,78.8158
2025-01-27,100033,79.7198
2025-01-28,100033,79.7198
2025-01-29,100033,79.3486
2025-01-30,100033,78.5509
2025-01-31,100033,78.0056
2025-02-01,100033,77.7312
2025-02-02,100033,78.5613
2025-02-03,100033,78.615
2025-02-04,100033,78.615
2025-02-05,100033,79.4368
2025-02-06,100033,79.9491
2025-02-07,100033,79.0934
2025-02-08,100033,78.5862
2025-02-09,100033,79.2413
2025-02-10,100033,78.6248
2025-02-11,100033,77.8265
2025-02-12,100033,77.3627
2025-02-13,100033,78.2538
2025-02-14,100033,77.3208
2025-02-15,100033,77.48
2025-02-16,100033,78.3269
2025-02-17,100033,78.3269
2025-02-18,100033,78.3269
2025-02-19,100033,78.0
2025-02-20,100033,78.0623
2025-02-21,100033,77.0892
2025-02-22,100033,77.0892
2025-02-23,100033,77.7924
2025-02-24,100033,77.5686
2025-02-25,100033,78.2209
2025-02-26,100033,78.9911
2025-02-27,100033,79.0325
2025-02-28,100033,79.0325
2025-03-01,100033,78.6995
2025-03-02,100033,79.5588
2025-03-03,100033,78.7042
2025-03-04,100033,78.2573
2025-03-05,100033,79.2018
2025-03-06,100033,79.9126
2025-03-07,100033,80.2993
2025-03-08,100033,80.1955
2025-03-09,100033,80.1955
2025-03-10,100033,80.7258
2025-03-11,100033,80.6871
2025-03-12,100033,80.2749
2025-03-13,100033,81.1411
2025-03-14,100033,81.8567
2025-03-15,100033,81.3519
2025-03-16,100033,81.6257
2025-03-17,100033,80.9485
2025-03-18,100033,81.1788
2025-03-19,100033,81.2045
2025-03-20,100033,81.1097
2025-03-21,100033,80.5806
2025-03-22,100033,80.5806
2025-03-23,100033,80.5806
2025-03-24,100033,80.5152
2025-03-25,100033,81.4585
2025-03-26,100033,81.4585
2025-03-27,100033,80.722
2025-03-28,100033,79.9756
2025-03-29,100033,80.2615
2025-03-30,100033,80.8115
2025-03-31,100033,80.1742
2025-01-01,100034,31.635
2025-01-02,100034,31.635
2025-01-03,100034,31.8406
2025-01-04,100034,30.9275
2025-01-05,100034,31.5306
2025-01-06,100034,31.3755
2025-01-07,100034,31.3755
2025-01-08,100034,30.5169
2025-01-09,100034,29.5411
2025-01-10,100034,30.0815
2025-01-11,100034,30.7763
2025-01-12,100034,30.6088
2025-01-13,100034,31.5633
2025-01-14,100034,32.332
2025-01-15,100034,32.482
2025-01-16,100034,32.482
2025-01-17,100034,31.5597
2025-01-18,100034,31.5597
2025-01-19,100034,32.0701
2025-01-20,100034,32.1986
2025-01-21,100034,31.7195
2025-01-22,100034,30.7212
2025-01-23,100034,31.161
2025-01-24,100034,31.5604
2025-01-25,100034,32.2659
2025-01-26,100034,33.24
2025-01-27,100034,32.4398
2025-01-28,100034,32.1315
2025-01-29,100034,32.6568
2025-01-30,100034,32.1686
2025-01-31,100034,32.1757
2025-02-01,100034,32.34
2025-02-02,100034,32.34
2025-02-03,100034,32.3646
2025-02-04,100034,32.2018
2025-02-05,100034,31.8325
2025-02-06,100034,31.8325
2025-02-07,100034,31.9748
2025-02-08,100034,32.1267
2025-02-09,100034,33.0093
2025-02-10,100034,32.3714
2025-02-11,100034,32.3714
2025-02-12,100034,32.1437
2025-02-13,100034,31.4834
2025-02-14,100034,30.6097
2025-02-15,100034,30.3438
2025-02-16,100034,30.4251
2025-02-17,100034,31.12
2025-02-18,100034,31.0938
2025-02-19,100034,31.0162
2025-02-20,100034,31.0162
2025-02-21,100034,30.2936
2025-02-22,100034,30.2936
2025-02-23,100034,31.284
2025-02-24,100034,31.5737
2025-02-25,100034,32.4659
2025-02-26,100034,32.337
2025-02-27,100034,32.1447
2025-02-28,100034,31.8928
2025-03-01,100034,31.8928
2025-03-02,100034,31.429
2025-03-03,100034,31.6789
2025-03-04,100034,31.132
2025-03-05,100034,31.8676
2025-03-06,100034,31.8676
2025-03-07,100034,31.8676
2025-03-08,100034,31.3957
2025-03-09,100034,31.2295
2025-03-10,100034,32.0952
2025-03-11,100034,32.0952
2025-03-12,100034,31.2049
2025-03-13,100034,31.2049
2025-03-14,100034,31.6917
2025-03-15,100034,31.7735
2025-03-16,100034,31.5944
2025-03-17,100034,31.5944
2025-03-18,100034,31.6711
2025-03-19,100034,32.262
2025-03-20,100034,32.7638
2025-03-21,100034,32.7638
2025-03-22,100034,33.0492
2025-03-23,100034,33.5699
2025-03-24,100034,33.5699
2025-03-25,100034,33.7363
2025-03-26,100034,34.5713
2025-03-27,100034,34.5713
2025-03-28,100034,34.6115
2025-03-29,100034,34.4267
2025-03-30,100034,34.7234
2025-03-31,100034,35.0112
2025-01-01,100035,113.4476
2025-01-02,100035,112.6197
2025-01-03,100035,112.9141
2025-01-04,100035,113.7539
2025-01-05,100035,113.9468
2025-01-06,100035,113.7145
2025-01-07,100035,113.4546
2025-01-08,100035,112.6667
2025-01-09,100035,113.2291
2025-01-10,100035,114.0438
2025-01-11,100035,114.9603
2025-01-12,100035,115.7629
2025-01-13,100035,116.1985
2025-01-14,100035,116.0828
2025-01-15,100035,116.9116
2025-01-16,100035,116.9116
2025-01-17,100035,116.4286
2025-01-18,100035,117.029
2025-01-19,100035,117.8023
2025-01-20,100035,118.0175
2025-01-21,100035,118.0175
2025-01-22,100035,117.7572
2025-01-23,100035,117.8549
2025-01-24,100035,118.2289
2025-01-25,100035,118.718
2025-01-26,100035,118.718
2025-01-27,100035,118.6829
2025-01-28,100035,119.5109
2025-01-29,100035,119.233
2025-01-30,100035,118.5648
2025-01-31,100035,118.5648
2025-02-01,100035,119.2617
2025-02-02,100035,118.6966
2025-02-03,100035,119.6409
2025-02-04,100035,119.6409
2025-02-05,100035,119.6327
2025-02-06,100035,118.8349
2025-02-07,100035,118.9186
2025-02-08,100035,118.8893
2025-02-09,100035,118.6228
2025-02-10,100035,119.0877
2025-02-11,100035,119.422
2025-02-12,100035,120.3225
2025-02-13,100035,120.5044
2025-02-14,100035,120.9279
2025-02-15,100035,119.9628
2025-02-16,100035,120.5628
2025-02-17,100035,119.7391
2025-02-18,100035,119.684
2025-02-19,100035,119.684
2025-02-20,100035,119.684
2025-02-21,100035,119.684
2025-02-22,100035,119.684
2025-02-23,100035,119.2476
2025-02-24,100035,119.4291
2025-02-25,100035,119.507
2025-02-26,100035,118.5527
2025-02-27,100035,118.059
2025-02-28,100035,118.6811
2025-03-01,100035,117.7473
2025-03-02,100035,118.4873
2025-03-03,100035,119.2699
2025-03-04,100035,119.6673
2025-03-05,100035,119.2899
2025-03-06,100035,120.0539
2025-03-07,100035,120.8438
2025-03-08,100035,120.8438
2025-03-09,100035,121.7664
2025-03-10,100035,121.9046
2025-03-11,100035,120.9364
2025-03-12,100035,120.5153
2025-03-13,100035,120.3303
2025-03-14,100035,121.0147
2025-03-15,100035,121.6343
2025-03-16,100035,120.8796
2025-03-17,100035,120.9193
2025-03-18,100035,120.9193
2025-03-19,100035,120.5012
2025-03-20,100035,121.0835
2025-03-21,100035,120.636
2025-03-22,100035,120.0068
2025-03-23,100035,119.8434
2025-03-24,100035,119.8541
2025-03-25,100035,120.4063
2025-03-26,100035,121.2201
2025-03-27,100035,120.9293
2025-03-28,100035,120.0303
2025-03-29,100035,120.8538
2025-03-30,100035,120.8538
2025-03-31,100035,121.5297
2025-01-01,100036,116.8761
2025-01-02,100036,116.9432
2025-01-03,100036,117.1078
2025-01-04,100036,117.1123
2025-01-05,100036,117.1439
2025-01-06,100036,117.1439
2025-01-07,100036,117.0471
2025-01-08,100036,117.6387
2025-01-09,100036,116.815
2025-01-10,100036,117.066
2025-01-11,100036,117.3427
2025-01-12,100036,117.8671
2025-01-13,100036,116.8755
2025-01-14,100036,116.1909
2025-01-15,100036,116.9752
2025-01-16,100036,117.5239
2025-01-17,100036,117.6562
2025-01-18,100036,118.2173
2025-01-19,100036,117.6275
2025-01-20,100036,117.6275
2025-01-21,100036,117.2911
2025-01-22,100036,117.7445
2025-01-23,100036,118.6062
2025-01-24,100036,118.2387
2025-01-25,100036,117.6847
2025-01-26,100036,117.5834
2025-01-27,100036,117.3077
2025-01-28,100036,116.766
2025-01-29,100036,116.3658
2025-01-30,100036,117.2511
2025-01-31,100036,116.8263
2025-02-01,100036,116.8061
2025-02-02,100036,117.6898
2025-02-03,100036,118.0403
2025-02-04,100036,118.0904
2025-02-05,100036,117.8159
2025-02-06,100036,118.7399
2025-02-07,100036,118.637
2025-02-08,100036,118.637
2025-02-09,100036,118.637
2025-02-10,100036,117.8273
2025-02-11,100036,118.2593
2025-02-12,100036,118.2359
2025-02-13,100036,119.0129
2025-02-14,100036,119.0129
2025-02-15,100036,119.4161
2025-02-16,100036,119.1192
2025-02-17,100036,118.8675
2025-02-18,100036,118.7353
2025-02-19,100036,119.3894
2025-02-20,100036,119.9885
2025-02-21,100036,120.7238
2025-02-22,100036,121.0597
2025-02-23,100036,120.3693
2025-02-24,100036,121.2779
2025-02-25,100036,120.6308
2025-02-26,100036,120.2838
2025-02-27,100036,120.8003
2025-02-28,100036,120.8003
2025-03-01,100036,120.8003
2025-03-02,100036,121.2302
2025-03-03,100036,122.1542
2025-03-04,100036,121.9417
2025-03-05,100036,121.317
2025-03-06,100036,121.7295
2025-03-07,100036,121.4848
2025-03-08,100036,122.4747
2025-03-09,100036,121.6891
2025-03-10,100036,120.743
2025-03-11,100036,120.743
2025-03-12,100036,120.1188
2025-03-13,100036,120.1998
2025-03-14,100036,119.8567
2025-03-15,100036,120.2099
2025-03-16,100036,119.8014
2025-03-17,100036,120.7403
2025-03-18,100036,120.8788
2025-03-19,100036,120.7815
2025-03-20,100036,119.9508
2025-03-21,100036,119.269
2025-03-22,100036,118.3713
2025-03-23,100036,118.3713
2025-03-24,100036,118.985
2025-03-25,100036,119.6745
2025-03-26,100036,118.7143
2025-03-27,100036,118.872
2025-03-28,100036,119.5864
2025-03-29,100036,120.396
2025-03-30,100036,119.6342
2025-03-31,100036,120.3465
2025-01-01,100037,138.9108
2025-01-02,100037,138.9108
2025-01-03,100037,138.4065
2025-01-04,100037,138.4065
2025-01-05,100037,137.7049
2025-01-06,100037,136.8771
2025-01-07,100037,135.9115
2025-01-08,100037,135.9115
2025-01-09,100037,136.129
2025-01-10,100037,136.0415
2025-01-11,100037,136.0415
2025-01-12,100037,136.0415
2025-01-13,100037,135.5412
2025-01-14,100037,136.44
2025-01-15,100037,137.0379
2025-01-16,100037,136.629
2025-01-17,100037,137.5611
2025-01-18,100037,136.5933
2025-01-19,100037,136.5356
2025-01-20,100037,136.6439
2025-01-21,100037,136.4785
2025-01-22,100037,136.2445
2025-01-23,100037,135.373
2025-01-24,100037,134.9763
2025-01-25,100037,134.6957
2025-01-26,100037,135.0927
2025-01-27,100037,135.0927
2025-01-28,100037,134.3836
2025-01-29,100037,133.5115
2025-01-30,100037,132.9242
2025-01-31,100037,133.8748
2025-02-01,100037,133.5566
2025-02-02,100037,133.7857
2025-02-03,100037,133.8489
2025-02-04,100037,133.6914
2025-02-05,100037,133.9351
2025-02-06,100037,133.8767
2025-02-07,100037,134.6131
2025-02-08,100037,134.6131
2025-02-09,100037,134.1468
2025-02-10,100037,133.1676
2025-02-11,100037,133.1676
2025-02-12,100037,133.1676
2025-02-13,100037,133.1676
2025-02-14,100037,133.0763
2025-02-15,100037,133.545
2025-02-16,100037,132.8474
2025-02-17,100037,132.8474
2025-02-18,100037,133.1249
2025-02-19,100037,133.4738
2025-02-20,100037,133.0022
2025-02-21,100037,132.4176
2025-02-22,100037,132.3256
2025-02-23,100037,132.3606
2025-02-24,100037,132.3606
2025-02-25,100037,133.2027
2025-02-26,100037,133.3678
2025-02-27,100037,133.9118
2025-02-28,100037,133.2016
2025-03-01,100037,133.2137
2025-03-02,100037,132.6016
2025-03-03,100037,133.3945
2025-03-04,100037,132.8265
2025-03-05,100037,132.3613
2025-03-06,100037,132.7832
2025-03-07,100037,133.2521
2025-03-08,100037,132.8184
2025-03-09,100037,132.065
2025-03-10,100037,131.4609
2025-03-11,100037,132.1348
2025-03-12,100037,131.2552
2025-03-13,100037,130.826
2025-03-14,100037,131.4349
2025-03-15,100037,132.3565
2025-03-16,100037,132.5112
2025-03-17,100037,131.9622
2025-03-18,100037,132.2033
2025-03-19,100037,132.5782
2025-03-20,100037,131.6896
2025-03-21,100037,130.8058
2025-03-22,100037,130.8058
2025-03-23,100037,130.418
2025-03-24,100037,130.418
2025-03-25,100037,130.4462
2025-03-26,100037,130.4462
2025-03-27,100037,130.8914
2025-03-28,100037,130.0578
2025-03-29,100037,129.2265
2025-03-30,100037,128.4048
2025-03-31,100037,128.9142
2025-01-01,100038,29.4755
2025-01-02,100038,29.323
2025-01-03,100038,29.445
2025-01-04,100038,29.445
2025-01-05,100038,29.445
2025-01-06,100038,29.445
2025-01-07,100038,28.5766
2025-01-08,100038,28.9818
2025-01-09,100038,29.8432
2025-01-10,100038,29.6104
2025-01-11,100038,30.5596
2025-01-12,100038,30.3194
2025-01-13,100038,30.7496
2025-01-14,100038,31.1709
2025-01-15,100038,31.2295
2025-01-16,100038,31.7342
2025-01-17,100038,31.6999
2025-01-18,100038,30.7907
2025-01-19,100038,31.2031
2025-01-20,100038,30.4576
2025-01-21,100038,29.5772
2025-01-22,100038,28.8015
2025-01-23,100038,28.2087
2025-01-24,100038,27.457
2025-01-25,100038,27.4549
2025-01-26,100038,28.0946
2025-01-27,100038,27.7538
2025-01-28,100038,26.8995
2025-01-29,100038,26.0425
2025-01-30,100038,26.5641
2025-01-31,100038,25.8768
2025-02-01,100038,26.2372
2025-02-02,100038,27.2244
2025-02-03,100038,27.3482
2025-02-04,100038,27.3482
2025-02-05,100038,27.5143
2025-02-06,100038,27.1632
2025-02-07,100038,26.7778
2025-02-08,100038,26.3321
2025-02-09,100038,26.3321
2025-02-10,100038,26.8303
2025-02-11,100038,26.0632
2025-02-12,100038,25.7578
2025-02-13,100038,25.7578
2025-02-14,100038,25.5862
2025-02-15,100038,24.6014
2025-02-16,100038,24.9985
2025-02-17,100038,24.8863
2025-02-18,100038,24.2728
2025-02-19,100038,24.4866
2025-02-20,100038,23.6962
2025-02-21,100038,22.8442
2025-02-22,100038,21.9721
2025-02-23,100038,21.9385
2025-02-24,100038,22.8489
2025-02-25,100038,22.8248
2025-02-26,100038,23.0744
2025-02-27,100038,23.6355
2025-02-28,100038,23.2832
2025-03-01,100038,23.084
2025-03-02,100038,23.1423
2025-03-03,100038,23.1423
2025-03-04,100038,23.8706
2025-03-05,100038,24.2495
2025-03-06,100038,23.6033
2025-03-07,100038,23.6033
2025-03-08,100038,24.0753
2025-03-09,100038,24.0753
2025-03-10,100038,23.6782
2025-03-11,100038,23.6782
2025-03-12,100038,23.844
2025-03-13,100038,23.844
2025-03-14,100038,23.9048
2025-03-15,100038,22.961
2025-03-16,100038,23.0107
2025-03-17,100038,23.0107
2025-03-18,100038,23.9245
2025-03-19,100038,23.9245
2025-03-20,100038,24.1951
2025-03-21,100038,23.7283
2025-03-22,100038,22.836
2025-03-23,100038,22.2225
2025-03-24,100038,21.7802
2025-03-25,100038,21.8309
2025-03-26,100038,21.4123
2025-03-27,100038,21.4123
2025-03-28,100038,22.1623
2025-03-29,100038,21.2826
2025-03-30,100038,21.6383
2025-03-31,100038,21.4232
2025-01-01,100039,139.1984
2025-01-02,100039,138.5489
2025-01-03,100039,138.1723
2025-01-04,100039,137.7198
2025-01-05,100039,138.581
2025-01-06,100039,138.1169
2025-01-07,100039,138.4796
2025-01-08,100039,137.4962
2025-01-09,100039,137.5801
2025-01-10,100039,138.46
2025-01-11,100039,138.2738
2025-01-12,100039,138.9201
2025-01-13,100039,139.3941
2025-01-14,100039,138.8299
2025-01-15,100039,137.9757
2025-01-16,100039,138.0641
2025-01-17,100039,137.1464
2025-01-18,100039,137.3601
2025-01-19,100039,137.0863
2025-01-20,100039,137.0863
2025-01-21,100039,137.447
2025-01-22,100039,138.005
2025-01-23,100039,137.08
2025-01-24,100039,136.8546
2025-01-25,100039,136.2737
2025-01-26,100039,136.2737
2025-01-27,100039,136.6398
2025-01-28,100039,137.1223
2025-01-29,100039,137.5148
2025-01-30,100039,137.2532
2025-01-31,100039,136.7225
2025-02-01,100039,136.7225
2025-02-02,100039,137.3132
2025-02-03,100039,137.9943
2025-02-04,100039,138.1012
2025-02-05,100039,138.1012
2025-02-06,100039,138.2865
2025-02-07,100039,138.6808
2025-02-08,100039,138.6956
2025-02-09,100039,138.6956
2025-02-10,100039,138.2218
2025-02-11,100039,138.6501
2025-02-12,100039,138.4937
2025-02-13,100039,137.9682
2025-02-14,100039,137.791
2025-02-15,100039,138.5763
2025-02-16,100039,138.5763
2025-02-17,100039,137.7144
2025-02-18,100039,137.7651
2025-02-19,100039,138.5318
2025-02-20,100039,137.7433
2025-02-21,100039,138.2459
2025-02-22,100039,138.2459
2025-02-23,100039,139.0807
2025-02-24,100039,138.808
2025-02-25,100039,139.5394
2025-02-26,100039,140.347
2025-02-27,100039,139.8801
2025-02-28,100039,140.0096
2025-03-01,100039,139.3685
2025-03-02,100039,139.5494
2025-03-03,100039,138.8399
2025-03-04,100039,139.6873
2025-03-05,100039,139.789
2025-03-06,100039,139.5724
2025-03-07,100039,139.0867
2025-03-08,100039,139.1467
2025-03-09,100039,139.3282
2025-03-10,100039,138.561
2025-03-11,100039,138.7041
2025-03-12,100039,138.1449
2025-03-13,100039,138.3634
2025-03-14,100039,138.9595
2025-03-15,100039,139.288
2025-03-16,100039,139.288
2025-03-17,100039,139.288
2025-03-18,100039,138.3823
2025-03-19,100039,139.2171
2025-03-20,100039,139.3458
2025-03-21,100039,139.375
2025-03-22,100039,139.6984
2025-03-23,100039,139.5278
2025-03-24,100039,139.5175
2025-03-25,100039,139.4197
2025-03-26,100039,139.9578
2025-03-27,100039,139.9999
2025-03-28,100039,139.9999
2025-03-29,100039,139.4742
2025-03-30,100039,138.7844
2025-03-31,100039,137.9132
